

-- categories
CREATE TABLE categories (
    `categories_id` INT UNSIGNED (10) NOT NULL,
    `categories_pid` INT UNSIGNED (10) NOT NULL,
    `categories_name` VARCHAR (256) NOT NULL,
    `categories_desc` TEXT (65535) NOT NULL,
    PRIMARY KEY PRIMARY (categories_id)
);


-- Data for categories
INSERT INTO categories VALUES('11736875', '2014311', 'af1f4992-9272-444b-8b05-aeddb0dbb2a2', 'be913dba-9805-410a-acba-949866819032'), ('47037401', '96654466', '51ff4b80-7cc6-42d0-91d2-2b01d3657ba6', '0d01d452-21b0-4493-99a2-4c5dae3c86f9'), ('57194855', '175601840', '363b05a6-5b86-422e-8526-cf536a312293', '48290809-85ac-48fa-a017-065e8a8d69cc'), ('80054174', '190115848', '0feae85c-c257-4174-bc13-a9db9ce06cb9', 'c7f6ba61-f1f8-4ee1-8611-37d6a0049b6a'), ('100880515', '919439995', '3bec0f16-5ec2-4102-b45a-3bd4f4e5fae0', '9d9153ab-ef89-433b-8e8a-cb87c924cfff'), ('102949038', '209624674', '03d610e9-d97f-4f76-a359-66aebb4b0c3c', '2967d6d4-047f-4931-bb2c-a8e20be6efef'), ('103349474', '998935290', 'd51933c3-07ed-47a3-826a-ef649412a331', '2a9ee19a-a357-40c7-8072-90d533f6d0e7'), ('105311508', '385132144', '0a8095cc-f0bc-4dde-8619-cd7172e95263', '656f6110-8914-4efe-8e01-0ad6d5959160'), ('106859745', '177842737', '10f7def3-0b9b-4e1f-9cb4-8258c519ef6f', 'f9c308ae-2c4d-4f5e-af71-2fb5c5fa9fab'), ('109134228', '742864293', '07598a31-eb1e-4dbb-b34a-daa77d5ee933', 'ddf864df-15bc-48b2-bb74-0269c7a75c9e'), ('110336361', '893615685', '2067620d-5b45-4599-8761-64a4a98581a2', '120a438c-c498-4c3d-bf57-0447f04b894c'), ('112722403', '456329192', '8fe32e0b-98d4-430a-abba-7e88354c73ba', 'ca3cd61d-f291-4e7e-9b7a-589db4183feb'), ('116098918', '137606227', '413032c5-a20a-416d-ab51-b157c3cc5ecb', 'c38ccbbe-5fcd-4340-8b14-12c79f4f4e37'), ('119233056', '210560969', '369fda6d-b72a-4ca6-8e1a-b4b4a8fd95eb', 'b91b9eeb-cd28-4a8b-9184-2a643c4dd5dd'), ('119535927', '185805267', '0c085ca8-187e-4959-b178-3502dcacaa28', 'fc3c06ca-c515-49f4-b94b-b845acb8007f'), ('119713602', '172371305', 'c649227a-c47b-4214-a70a-95b8a9ddc19c', 'ddd15dc3-9148-4b86-b647-a90a39a227b1'), ('119720686', '506254072', 'faec7dcd-415b-43ca-8d9f-c83bec2ad3da', 'ff8246d5-0a12-4b1d-b7ed-75222ea11cce'), ('125045148', '620598494', 'e3eb9294-7d8f-47c1-bf4d-b251fb6cdaa9', 'd6b65602-2ea8-4c24-979d-e2bb6a39f0e6'), ('126444578', '189748777', '2d0a3fe5-22f0-4815-b15d-af44387cc0eb', 'ea51af63-e488-4bc7-92bd-b6ae8a8fdc57'), ('128397911', '316960719', '2ebe1477-670e-4813-8471-9057f5ae97c9', 'c33b2a52-9d52-44af-a81e-a2845131ad8e'), ('128445545', '160060905', '18d33bb5-b68b-4b28-a8f1-229c1472e6f2', '4f032284-f32d-414d-a3ce-2c13a5a99b64'), ('130328712', '203005828', '4d2cb591-5f0d-4152-bafd-d349ccfedeb4', '961aae5e-de2d-4178-a961-a9060abe0171'), ('131528908', '147529741', '466986d4-1f63-4846-b53c-f6c4adfbb7fe', 'eac4d829-873a-41c1-8fae-1295f27e2359'), ('133328486', '102681384', '3e0d6c27-d754-4391-9b6e-bac6aae40ac9', 'b6499cf7-dd5a-402d-bbcf-230003cf4037'), ('138912116', '147083433', 'c8f3b348-2736-410a-831d-9aa23e6061d2', '980f56d4-bc76-43aa-9e34-1b027287f9ce'), ('139728334', '154257468', '77de0162-e63d-4a6e-ba2b-a5c5273deb5b', '505f0c97-3403-47a2-8c93-927eb60c3cd7'), ('140177927', '648014499', '8041c68a-a398-4903-9547-c51e34529b0f', '359e2f5b-ed7c-4d34-b483-09cdae094439'), ('141615185', '720277358', 'fb92d0ca-5e33-4aa2-bd37-58cf93bb4375', '995f7209-404c-4218-860b-63dc678d1bef'), ('143962842', '125078871', 'd0ba0536-ecb1-415c-b833-07a10f1092e6', 'abc1f853-ac80-4c32-87ce-fdd47e426188'), ('146141356', '200753732', '14fce03d-1c2a-4e42-b495-76b8b170a3a0', '504be41c-6c5f-4d08-ade0-c6c43ba59a7a'), ('147882933', '174095793', '6c29db74-de6d-471b-a344-4d09e448925d', '23332328-ffad-45b3-a4bf-25e8a5ed4450'), ('151710082', '137999993', '2ebebea5-29bd-4121-9d32-3da5f81949b8', '40534b13-53ea-47db-a297-fdc910f7b11b'), ('153329843', '566771627', '9e76a3ad-ec54-4f4b-b7c9-8fa91c61b590', 'ff239e10-2aa8-40c0-85c5-f35c264114ea'), ('158325631', '183080808', 'ac27777d-7ce4-469b-8b81-ea82072d87d6', 'd1bcf561-b71b-4055-b1b0-740a71c8ac71'), ('163838994', '165098007', 'fe721a19-c3dc-4a56-894f-ab8e606cd443', '47667133-a63b-41e4-866b-da1b2e14dae2'), ('163860795', '111912449', '7d084913-473b-4104-95b0-c5402bedf6db', '4519c050-7bed-4773-bdbf-b1d37ab88f97'), ('164155202', '154865243', '1df4c1bf-7754-43fd-8159-9dd7a2f3efe5', '1dcdfc65-15bb-476e-8fc4-a616d201034c'), ('164226768', '191909099', '636b6b00-fe82-4d3b-bfe8-aa250ebd6860', '09247ed4-cbb2-4460-8075-6ea9ee547144'), ('165760636', '189015927', 'a2f4a77a-07e3-46ce-acb7-aef4ef1a1de5', '276e674e-ceb4-4bce-a650-07ee86e990e1'), ('171300781', '668983816', 'bb4a9601-11a1-44f6-8aad-32aa46d2adba', 'ee052d96-11be-407d-a4d9-fd363334dbc3'), ('178135768', '121919633', 'e9c107be-8e1f-4ac4-ae84-c8fbbed073b3', '4c0d695f-1937-4b77-ba23-25f117dee3e3'), ('178228549', '167716667', '8414f8f9-5cca-4002-a0a5-e8e18248ec64', '9da26e64-39f4-4a86-bb62-a97b226a7200'), ('183293925', '128856383', '8b9c4320-b41f-4f15-b96f-d251089bd451', 'e7bd73fe-ea48-4fd4-bc39-08f26d9f4e19'), ('186214575', '605597552', 'd463a740-8d2c-4fc7-a2f5-5f4b57b289f2', 'c439dd08-cd32-4417-b9e4-fca0820a5a91'), ('186810152', '151296972', '1c02f326-cc3b-4840-b7a3-adf87e0fc284', '624ca90a-6913-4357-b7dd-699101615f3a'), ('191615447', '867237375', '2d69941b-df2c-41a7-afff-01404e29cbe5', 'a25ef0c1-de97-46a2-85f5-0e59fb44c587'), ('195261441', '185785121', 'f6572c92-08b4-4e1e-8fb7-c52511d9fd8e', '38b60944-24ec-404f-afde-75f882bc667f'), ('203019151', '174883115', 'ce4c246f-6468-41d2-9221-6851405a46e0', '7cad87e0-8f2f-4a5e-ab63-82d4779bf483'), ('204506780', '495487766', '56aaee13-2d21-43d4-8566-a45532b206a0', '2c215b74-4bd4-4f82-9e45-c58aff48e48c'), ('205097184', '582140892', '2fdbc19b-84c1-4261-b935-2062908fc81a', 'aff2dc96-2472-4dfc-85de-161b5ec24cac'), ('207588873', '473934904', '2a02bc62-6cc1-40e2-bca0-310ec1809a6a', '1c03992f-c46f-4627-89b8-13361a1f80cc'), ('210613685', '559390050', 'a7276a40-d7f1-450c-a50f-ac3ddf031fc4', '2d192f23-409d-433d-8462-a34765064b28'), ('212710703', '193691888', 'a5fc8f6f-dc2b-4930-934f-22ecca189914', 'edee65d0-7c7b-4a78-9d91-f3a8c7287409'), ('286227553', '181992079', 'e920d755-9c80-4f69-95ca-4a67967a5db5', '201f084b-6053-4551-b032-2c33486fa859'), ('289481119', '194701290', 'fde4fcc8-76a0-4f63-9ec8-1e5768c483d4', '94a960bb-bf82-4007-a6d5-36b5dc20956a'), ('313214641', '134623688', '47005e1b-e100-47fc-b9fe-fe0cd9bb927d', '3adee01a-2d65-4562-97cc-c976e2005e3c'), ('315823186', '168952811', 'a5a04b38-1f5e-4033-a657-d3329d0b80c9', 'a5be2671-45bf-48d7-8b2f-df1f7b39bd06'), ('325139387', '184832454', '5b533706-0af4-4c43-9128-7c1721589e3a', 'ab9dd2a2-567d-4979-8f63-22891b074047'), ('335958361', '70802004', 'fc2eb5ed-db38-4b08-895b-5afc553bf1e9', '97db8d21-1cd8-400f-9406-66eda33e93d3'), ('363426513', '204174290', '0a7f57d5-1242-4a66-8f12-95f317e108e4', 'db675e01-277f-4f81-9477-f05303b2bff2'), ('371544782', '140708220', '307b589a-c87f-4a0b-b563-f18c552c8086', '891f5b0e-0457-4814-ad6c-d9ed0bb391d7'), ('385297335', '132445298', 'ff73793a-d9f5-4afc-b3bb-c547ac0b4a7c', '8608ce7e-f49f-445f-86bc-0ca407087611'), ('390675434', '456081190', 'eff5008e-f2e7-4fb4-9687-43d43d836070', 'b14310da-3271-4601-bbdd-ec1729629e41'), ('401812525', '338242544', '4a416a27-6b12-421a-b209-d12c2ade050d', 'bc9a4418-cd11-49e8-a333-b9c891d1a509'), ('403470650', '102515468', '051c3d21-3ae3-4453-9387-f8748f694ce9', 'ca05a915-a5cd-47f2-84c4-c1b3cd8817b5'), ('436342319', '844591332', 'a9dcee97-ce3c-4153-af3b-4e39d2ac5e22', '1ccc18e3-4264-42d2-a439-4575e131b9b8'), ('449687043', '348332073', '91893268-d548-44b0-bf6c-4f21af7547b8', 'd4d31d70-84b0-4b7f-b247-eff9a4caa8ec'), ('462872499', '152190984', '7c5b2c5e-a5a6-40f2-9e66-8bf9a597b1c2', '847fbd76-38bb-49cb-bfc1-29f528d07f2c'), ('482127939', '195639035', '607f783a-a2b3-4c02-8057-c2464264adae', '6a1af25c-8ec0-4322-864d-d1d5882e6278'), ('489897375', '111609746', 'e2f2f81d-d706-4f70-9467-5520ef1e8bd6', 'c9a053bd-1648-4755-911f-4d9c3cef92d6'), ('526289219', '206250064', '73c0fa05-e5de-4569-be62-ac3f4d1d752d', '70a476ff-00bb-4e08-b944-ee5c0f26f8f7'), ('537120471', '147613862', '50cef98b-a371-4ed9-8c38-e8460e7bdee9', '52f61963-62c9-4b29-a613-7fdc29068894'), ('540124981', '276705482', 'f982b8d6-151e-4829-817f-e20522eb8f3b', 'e74e84b5-de83-4abf-8db7-4aa506aa7bf8'), ('562090705', '762138850', '656e85f8-326f-44e4-9ca0-9ea2072de694', '83fe459c-3536-449c-aaf8-1b50d4203a6f'), ('566016510', '132764980', '0c98668a-6459-477c-a572-b3c2e2e564f7', 'f8fd05c3-102a-4d93-b97d-cc5db2fc0955'), ('568055705', '101188318', '4fba8d05-84ba-440c-828b-6bb5c2d51241', 'c1e7a7a2-d713-42f9-ac60-c223908b18c7'), ('570770875', '186027578', '8bf0d880-7035-40d1-8f18-c59a6934897c', '3d6ed187-1d22-4dd7-84aa-c5388661de4d'), ('582986214', '189186333', '59ed0ea1-b92f-4f5b-9309-7c878662818d', '140e866e-4c67-4853-bfb3-4b18ee7b2ad0'), ('591903597', '188777990', 'afacbd02-ae8e-4d88-bbb9-3bf994cb1059', 'ab532509-8f40-4869-ae5f-372128755442'), ('593028801', '742353112', 'c734e9e4-5d9c-4fb6-b220-5db68e32ffc7', '90737bc7-0131-4fdd-8c80-2d7fbbe8d36b'), ('595338065', '159734560', 'd4594d1c-378c-41bb-aa65-1c9a18ddbd0e', '1f2d0809-1598-445f-aea7-f5fa42996608'), ('621417323', '362301032', 'fa60db68-000f-4d35-808b-07a41dbe043d', '11c5b5a1-0f56-4587-9376-78883f54e97c'), ('639782630', '151797302', 'a6a5e1e2-0c9e-4d2e-b15e-f46b112634f0', 'baa99818-36f4-4648-bb8b-84af91450f2e'), ('654365558', '908414761', '31a96b71-cbe8-4673-a34a-f7d7b7cadfa2', '802bef74-997c-4689-9a70-c1101ed5a742'), ('660846621', '613439433', 'b9d8ec09-fd58-4bfd-ad36-08d8a4d42565', '0cdfbbae-a272-461b-93a6-cd3881a4999b'), ('710181917', '206214257', 'c981df0d-64ea-4ab3-912f-e051306736f7', '7da95034-b40e-495e-8f6f-6d69a13cf23e'), ('767603130', '121731103', '0fe7b9fb-1b98-41b2-bc6f-a5df5b9f8a9b', 'a39fbbba-8889-4ba1-8ca4-20fc190ab42f'), ('768649254', '159572132', 'b54f5f92-e02f-4e81-bf5a-52fd2653da2d', 'b06700c2-d04d-462d-bf38-65e98d8da9fd'), ('776358953', '136894795', '56837561-58ed-4654-8d96-68ba19a68ea5', '72412ee2-19e0-4235-9264-0ee3447dc251'), ('786244026', '566265761', '2948cc80-8775-4193-867b-73cc4873c378', '0385b7d9-0a81-4101-97bb-7b2dd9f4b80f'), ('791109473', '77319442', '1196bd62-665d-48bc-a861-28bedc90ba9f', 'c0d20a6d-6784-482d-a320-19dc1f0fbd81'), ('832076787', '373609446', '67de72d9-8026-403b-8d63-ee826b4e981d', '14ce75f8-ac3d-4de1-a443-135d2e5c8165'), ('850478136', '991732141', 'ca39f532-47b0-44e3-8fd0-f27d641f0343', '903d8402-29d4-4bfb-a320-fd283410ec66'), ('858603280', '753295904', '10d0ebb7-7a04-4956-a4ac-74db1f6b0749', '5cf41af4-f962-4cc6-92ed-9f8491edc52b'), ('872198319', '116636301', 'd0f311d4-1669-4809-94cd-258c791e5d14', 'a480dc9b-1e7c-4289-a6a5-f3950b80460a'), ('872385229', '57684209', '6c72e1a8-d7e0-4b7b-af63-ad9464c54ebd', '177ccd52-6cec-43df-acdc-dabf71d6be12'), ('880501882', '159852944', '9c1bd1b8-35a0-439e-abc3-ac6de6cc26ba', 'd979d9f6-ec66-4b35-b1b8-0b7a083500c7'), ('910080605', '176287195', 'dd30fde5-e71f-497f-9b2f-d250d670549f', '17aa7f2b-5ead-44bf-97e9-48d198086b61'), ('913631303', '205564766', '1a735847-4f6d-4348-9e8d-2194155a4e67', 'eba8c2a5-38f5-4a67-9cf6-353bfdf03961'), ('960989945', '208651864', '988518b3-53ad-420b-8fc7-243e06422dc2', '3e0d1e77-f05b-444b-8d2d-1213a693f683');


-- posts
CREATE TABLE posts (
    `posts_id` INT UNSIGNED (10) NOT NULL,
    `posts_updated_time` INT UNSIGNED (10) NOT NULL,
    `users_id` INT UNSIGNED (10) NOT NULL,
    `posts_created_time` INT (10) NOT NULL,
    `posts_title` VARCHAR (256) NOT NULL,
    `posts_html` TEXT (65535) NOT NULL,
    `posts_img` VARCHAR (256) NOT NULL,
    `posts_active` SMALLINT UNSIGNED (5) NOT NULL,
    `posts_fast_likes` SMALLINT UNSIGNED (5) NOT NULL,
    `posts_fast_categories_arr` VARCHAR (1024) NOT NULL,
    PRIMARY KEY PRIMARY (posts_id)
);


-- Data for posts
INSERT INTO posts VALUES('6066346', '1866709340', '808182757', '2078357975', '57b4500f-db5f-47b9-a1e1-50b8c40cd51d', '4efe4f0f-718a-4155-b8d4-06398a5e4307', '5b95331a-b2a9-424b-be0f-117bdd8f224a', '6', '1528', '74303778-fa6a-447f-b9ee-080dead58204'), ('25505133', '1046417644', '2062835785', '681823794', '1257cc9e-477c-4bc0-a32d-8fe114efbee4', 'adf4c787-9e8c-4bef-8ac0-551485caa7ee', '08817a21-d1e5-44a9-99ec-d88ab4401373', '1', '5658', '3777a11c-e3fb-415f-99ed-0d44a28cea07'), ('46453040', '1181121475', '1367418722', '210998222', 'ad38db5f-8de6-482a-923b-8187cd9b920c', '5589db82-bae7-455c-83d2-efcab9a58cd9', 'de12e573-0892-4409-abe4-7e25ff00a781', '1', '4044', 'cff126ba-3294-4d1c-b6ba-a9da9107cb13'), ('50642517', '2138986787', '996232584', '1938160608', 'fdc5937f-4a75-41cf-ad63-5b1917f21176', '30fa281b-4211-4866-bafc-d42de8131851', 'c3315002-e756-4b29-8ac0-88b740dabe88', '5', '26738', '52bda2af-d4f0-4ced-ac66-b8437b0a9451'), ('105468784', '2040077958', '1652413650', '1580823066', 'cb6c312d-6863-461e-a372-dd772f1d6043', 'fca1bf6c-dba6-489a-a520-9eaebab4e0b2', 'e3397c08-a7d3-4527-9e84-94153c8f9291', '2', '17838', 'b004b857-85c1-4563-9fc1-3c7df120a8ff'), ('108112544', '1705032832', '1058381309', '340152275', '16e15ad8-416e-471e-87a9-4af5bdcdee85', '3e36a2c3-1347-4db3-a72f-ccbb69c37822', '8cf83be7-7cdb-4a97-bded-c9155683d817', '2', '10726', '45707cb3-bd40-4671-8951-b1c5af5971f9'), ('108740491', '1086206394', '516880669', '1158012160', 'c98009ef-a2f9-4219-bceb-5ed1826149d0', '06dd11ff-c491-4dac-bfad-23caaf9bb80c', '0b7742a1-d650-4dab-ba76-49f25d865789', '2', '25083', '12dd3c36-de15-4c38-8d40-d6b08aebdd13'), ('111423867', '1612224408', '1827099105', '1160306673', '26f1b6ee-6ed6-473b-8f3c-04f6f61cb667', 'dcb1e5fb-27a2-4afa-9628-011dbabf513e', '3b7cf5f2-e0a9-484c-8331-c5c557332af5', '2', '1037', '5ec779a1-21c9-4992-9eae-9253141a9afa'), ('116438012', '2000064791', '936035955', '773317816', '142d4434-ca79-419a-af12-d22c6e58d4a5', 'a028a287-f459-4b05-bd1e-ad36bab0a5c2', '3f7cff93-61a3-4cae-b1cb-fdb6e86346a6', '1', '28538', 'e8cee6fc-73a3-43d3-8fc7-179e85ebc73f'), ('117597540', '496279836', '1052573713', '1588942926', '14e28e7c-dad1-4f7e-a715-2d6e2bac9142', 'cadc67eb-4b35-44aa-8237-8cb3b3c4b230', '60de0f04-0a5a-46c7-a983-2780e7c713d0', '1', '12682', '37ea68da-915c-4fff-85f0-eba39f8d980c'), ('118131409', '1251192353', '43823926', '749601531', 'bb028159-5f9a-4472-9735-fb470942ceba', '4aa83aa0-3db1-43f6-88c1-b6790500009a', '288aac44-591b-4c84-b8a9-f64c802f3ba8', '1', '5307', '42cd43b4-1619-4a36-9236-daaedc2167b2'), ('120179469', '1063098758', '814920526', '1640393663', '58bc3741-eb50-4d89-9c18-52cde7db2f4e', '38fd0385-3e6f-41a4-a097-b4be55a1f4b8', 'ea921fc0-3b07-4f34-8501-202ec75c2dd7', '1', '6554', '3c0f19fe-f8c4-43ff-b39e-23f49b94a01a'), ('121669456', '1395380092', '149481573', '1116893509', '65a97d62-815f-4ca8-9016-712698643a89', '3dbab8ab-5a64-4ffa-94b7-19e713d13c4a', 'a59a425a-0487-4d5c-ab41-923c2c216265', '1', '8060', '08848789-d9f7-4633-92b5-3f7e1cbd5aad'), ('122304613', '1617176773', '2122960821', '1793849083', '6b723281-d018-4592-b572-200f03a20f52', '020b1fa7-4be5-496a-bdad-ad90c415336f', '5e19ab97-5c97-46e1-b18f-824ef45888e4', '3', '14200', 'da4c2fab-f965-464a-93fe-6ede6017d98f'), ('125681117', '521905275', '1188053003', '1807584196', '20e19bb2-6b93-4945-845a-673ced3db2a7', 'bda8efa4-cb3c-4d9d-a1c8-e010c3b4875c', 'b30f094e-fe02-4872-8cae-8a51330bba51', '1', '14268', '15eb5efd-c8a4-466f-a42d-ebd2d7c7002f'), ('126600267', '130049882', '1197564146', '1859223090', '4a686615-b9ee-4606-b8be-17b90e3fbe66', '53c54dc5-76aa-4f01-8143-77a257358e97', 'af2a5e6a-5b7e-4fba-9363-43508411fc43', '1', '24687', '186a7690-a0af-4a1a-99fe-7e6a46668c7e'), ('129765266', '1701545669', '187943314', '194523774', 'e20b1de1-4d5b-49a4-9759-2bf9d124ab5b', '252d6016-4d34-488c-99da-e2dbde5e2a81', 'd5be15e5-48f7-427d-9f02-0d49c891b5bf', '3', '24992', '3cd051b2-0b03-48eb-8fa0-45bc8ca01fd6'), ('130276435', '1912101204', '1088465193', '730584344', '04031d63-abb0-4759-8608-1dd26df4aa06', 'cd70d63c-8bbe-45a2-b305-fea3ce138586', '713a6b60-210c-4356-a884-fb543db7a7e9', '1', '20898', 'ed770286-e95a-4489-bc8a-ea1a0aacbffa'), ('133427563', '1319365986', '439455394', '141130739', '80e61fdf-4ab4-45ad-923e-ae9def21d359', 'b0b98ed7-bb62-42e6-8a8d-030d934f1c44', '3b65a560-3fd2-45a7-b42a-9e7b8211f521', '1', '24795', '63a26255-80a1-46cd-9328-1b271bcb8a0d'), ('136114925', '131924423', '1730436054', '417576534', '31420d3e-9f2b-4706-ac7c-d7ee3be3c97a', '4e410bbe-c00f-4916-9317-d7e0f62330ba', '91fa45ff-e09b-449d-8cdc-1f2d6fca7533', '1', '4790', '245c2f5a-7063-469d-ab9b-02944b150770'), ('136273578', '790479322', '1775709126', '1617994817', 'dc31b97d-cced-4ae6-bb3b-96192b0e933f', '1072f891-8f1c-4812-89e2-bdefba5f0a81', '8adfea6e-f701-439a-8e3e-248ec60ea34c', '2', '31537', '238b0781-65d7-45cf-aad5-18cec8695bbe'), ('137768520', '1147888639', '708609009', '367867176', 'ef2a7a8a-d610-4f3e-a40e-0062166715da', '3a26f5e1-f5ef-4fb4-a340-29e1765d127a', '12fea3c3-9770-4816-af8c-0d9cf65a86b4', '7', '8143', '8d123417-12eb-415d-befa-34cf1dafb6d6'), ('138027717', '697871035', '1966799878', '972100170', 'a6e3ae93-1e5d-4959-8d04-87917bd1aa80', '4a0cee14-64c6-4a25-99b3-5edeb9ed66e8', '8f73f457-19b5-4c9e-87c8-a90b6281796a', '1', '10647', '8eb84e56-0a38-435e-b51c-dc35cd70a23e'), ('139842298', '1912557791', '319336671', '1106469434', '50b92ffe-9405-425d-8363-f7df1bd54d62', 'a03f73c0-0fdf-42c4-ae2a-1a75c17b1ed1', '8803c981-53de-46ff-b27f-829be0c02f34', '1', '9415', '82f3930f-4ab8-4ca1-9277-5f94b3c7c064'), ('141514068', '649970742', '602769449', '850901046', 'a38f8370-3f16-4735-8886-9e86e547370c', '33331376-209e-4c7d-8569-5431055a813e', '92aba7aa-0c36-497d-9823-c31e5fbe9b69', '1', '12417', '659b7af5-67d2-440b-b74a-6919b91782b6'), ('143266402', '1900037508', '1812626101', '1150762821', '45f60ec6-0b50-4c97-981e-d3c52cab6938', 'f922c236-3dc8-4496-b992-da8cfb80d969', '5858fbb5-6d92-4697-aa09-1c2b1fd7f39e', '4', '10675', '889f881f-9cca-4885-a07e-8c28ed499c37'), ('144608713', '991541821', '409573686', '554481207', 'bf1f1ae1-50af-4760-bdab-d96f138f4f88', '43fb514b-3716-4662-9d1b-4245203e9762', 'b6eb40d8-85b2-40e1-8797-b51d88cb4e99', '2', '27968', '3a4dcf47-de78-4601-bff9-d6f206ba0daf'), ('145359408', '1893538973', '279192865', '452786279', '33cd9e6b-2e14-48c5-8e1d-5581e2eeb747', 'a4293b69-f648-446b-8e84-4f9d02fc6fb9', '9e3003cd-c8fd-4aef-9e05-226684721b55', '3', '32280', 'bee2a5fd-dfe4-4b1e-80af-05448d7a9302'), ('147478883', '91710187', '1046526009', '1791365179', 'ed69e160-32a4-4cd1-8edf-f771a4f3523e', '8916aac2-c56c-4387-87cf-552fef30ff6d', '7a938c52-ede4-494b-8354-59c98c659bed', '1', '4367', 'dc29338d-0acf-4bd5-90f2-696ba91e9439'), ('151912307', '426384675', '2019060137', '899700008', '29f28ac1-5b3b-474a-8ffa-6e22779d1828', '609d28d7-0122-4f82-a0e7-3d9d4c3ad52c', '02640360-5b6e-4084-879c-43493ac4853b', '2', '469', 'd7f3e4a1-fd7e-47c4-96cb-18a121bbfa29'), ('152108966', '1199098724', '342166171', '1300469701', 'c40e516a-7d68-474c-b4e4-bfc3ef42a48b', 'd8c20ee0-bc8d-48f9-8d6c-c34cdad9ced7', 'd4362bb9-c8f5-4fb6-9b49-87545ea68e1c', '3', '8816', '651b8b9e-c2a6-48c6-8c09-2542800bc1e3'), ('152874413', '549660225', '1065965392', '564367264', '1df16424-cb0b-4a68-bf25-c957ad440318', '4fd00368-a0e6-449b-9ede-8e562d8768ad', '49c193ad-88be-47ce-89c6-2d575e6e1401', '6', '30874', '9360f83d-0542-4136-bdc3-88253b5c435f'), ('154403345', '213266839', '1211252807', '595854208', '3abbac9a-38a4-456f-9919-a59ec87c263e', 'a96aa218-e43c-43cf-9be5-463cb247078d', '69a50abc-901c-4fc5-8c2d-b52bff41b2b7', '2', '28621', 'a2203acc-327e-4e25-b0a5-c8c21d81eba2'), ('155057018', '11661067', '899999095', '1615693491', '7cd3f226-4679-476a-9162-7c4fc0051716', 'bda77705-8d54-4c71-bbb3-669fd3ad52d5', '4a48e751-a30b-4917-991d-92332a967a27', '7', '6998', 'e96efa4b-b904-452c-a7f1-95b875651a65'), ('156554857', '1977401562', '1042684007', '1500181379', 'a7d45b64-7363-482d-abb8-49b8c15bb124', 'b31c8e97-126e-41ea-a15e-a948409d53eb', 'eafd33d8-9d1d-4bf1-b32e-30c445f24826', '2', '16040', '1d377bb4-4044-4ab0-abee-adbfc147dd35'), ('156710936', '1022213434', '1464548646', '1892385009', 'da4a9ea5-3f40-41d6-9f0d-b6809936ec39', '0cd973d2-1a84-4ff1-aefa-16db8620a3ab', 'ffd70d7d-8ea6-4f0b-b969-8fdd91963536', '1', '10451', '9299f488-1906-4c31-ba61-ec07918bdbf5'), ('157251300', '56205421', '472920442', '58691032', 'efc21db1-12b3-4c18-8c0c-8b6da238599e', 'f31536e7-499f-4910-94a4-bb212182ab7e', 'fcdf8c8a-c1bd-46e1-8a09-d69a11099a7d', '1', '12024', '9c928fe7-2f14-42f7-8c16-fb45ae7e4463'), ('157796134', '652552491', '1696722139', '2086739366', '453505c2-4ae5-4d1b-81f9-a6e0550bcef2', '61c78979-786c-4c4a-9680-02562175ec9f', '8f1b932f-820c-4fb5-b992-16aaf5401458', '2', '16969', 'afd08f18-b25c-4e60-bef7-bc46e188a1db'), ('159104391', '1480004078', '423559004', '1708335309', 'c50ad73d-d652-4599-bec2-7c42a4a45327', '86231cca-201f-4488-88bb-49c09e949e32', 'ecf23f7c-7c5e-4c18-9d95-911d523d375b', '2', '22557', '0cd4b10f-e4f3-4f50-b652-7aca0c17fec4'), ('160521424', '1934956770', '1024460395', '1928235230', '208bc18b-e208-4d55-acdd-53bbc16c3b6c', '436f2637-ac24-4cb9-aff9-f8d0fc0c347d', 'af1b68f4-cb23-4994-aa42-9ac52452609d', '2', '31152', 'e9764afc-bbae-47ca-9c91-7b58755a6ace'), ('161293628', '1133263290', '1810905064', '359539710', 'c56ac60c-c88d-411c-b19c-7ae87acddc02', 'af365cae-224d-440d-9db6-7cbc5a976a4d', '316d2549-3506-400e-b57a-eb1cc2ef3a04', '1', '10679', '39ff5265-862a-41e7-996b-d6a30670f28f'), ('161385335', '692388845', '1662105372', '694384562', '4d8ad566-0f3b-44ae-b96f-da547342f954', 'ae0d770b-2b15-405e-b5cc-d168d91d2dd2', 'cb2fe7e0-acd5-4280-8d68-46d2989c3a8b', '2', '23197', '4ec92027-95f8-474f-a813-af54119187ea'), ('165927245', '1676985381', '1671023864', '1654544304', 'f9f5e4b1-e2a4-4d69-a55d-9aa940056159', '72892f75-2fa9-48e8-8dc1-3738a8459de9', '84e3b8c4-24bf-40b1-bbd2-e957a0ffa8de', '1', '9578', 'c14a88d9-ca55-4ace-b61f-0bb5bbeb770b'), ('167718853', '1487052477', '1247761622', '941902870', '6538a31a-f099-4120-9330-cb94e490f2b9', '9b475c25-7107-47c9-9235-7a8842922535', '742f8e26-74fd-4ab5-bd5f-9ecadfcee0d1', '1', '5619', 'cbfaa5af-0e6a-4257-be7f-489813372fa3'), ('169042329', '513641640', '1183370627', '1765130956', '0ec7400f-f6b0-4286-b3c0-dffca0983d05', '689d6e56-6792-4727-82e8-d61460e24c1b', '90b50fad-fd82-4808-9500-def596c97581', '8', '4936', '01d21da8-bd1f-4546-819a-4c1df3a89975'), ('174015519', '1673479922', '1805153139', '2024699135', '62d5076c-2d65-49e1-8380-b983b8c47749', '9feb98cf-8f45-46ab-8987-a6192303f90c', '510201b2-3e1d-476b-a6bf-971057dbf9b4', '5', '6446', '04d0754c-13a7-4961-a9a1-04a5ad691ceb'), ('174505739', '1455628712', '834651224', '2135540583', '24a3b3c7-7a25-4355-8f10-de15246aa29a', '9b5d6823-bf76-4b4f-be16-f87430ce1be7', '061c8cc5-a6c0-4d83-9389-04ce0db8b19c', '5', '1352', '29f5bf2c-866c-469b-bd01-5a3de2c4b8b4'), ('174942191', '505843230', '1654645016', '1237866873', '720a7dae-151f-41ac-979a-3ecbe32fa62b', 'ba79e2ad-dd82-4c99-8176-7c101ba8097d', '7ff9b7cb-d7aa-48f6-b889-b2335c4fb55b', '7', '27905', '68da9e4a-323e-4fa8-8356-c58bcd34ec15'), ('176893623', '2085291202', '1799707414', '82407286', '952bfe88-0567-4d8b-8653-0ad283c77aea', 'b699cd4d-e8a0-4994-8037-539e12dd944c', '2f7cfee1-0837-4845-bf8d-19239021cbca', '3', '29699', '769d0bae-c760-4278-99da-ed8b9e59a215'), ('179296666', '1502987416', '2007404910', '669904827', '12afd95b-04fd-4dbb-adc5-6595c68c7692', 'bbaace84-9daf-4224-9255-bf3ec8933a08', '261201ea-ce89-46c9-ad72-db7ade09dd19', '1', '18228', '91a2427e-6965-4f18-a608-608bc3f5ec0d'), ('179929762', '1092356389', '933749692', '467819512', '02a806ab-16ae-47bc-a8aa-585c0015bb7f', 'e7acc11d-5db2-4006-90ea-7caf969fabfc', 'bb604817-86c0-4715-9a5b-5cf99669f1e6', '1', '18799', '7dcd6573-1ce6-4ec0-a5c3-74009bc375a4'), ('185069553', '909601338', '1305236165', '941269700', '30f1e440-329f-4948-a063-276a4f5df68d', '77d28cbd-737a-4c52-9c83-0cf67a62e62b', '8332ee64-97a6-491b-837f-4b33ce2e3394', '3', '20232', '97f7c09b-016b-4f8a-848f-2f1e3a0829ee'), ('186869455', '1081452560', '904746834', '711389994', 'e896ed93-6e41-4c1f-b7ba-bbac0385a614', '1dc38349-6a2f-4437-b7e1-812f05fadc17', '693efb6f-7cf5-4ed8-9819-d9ef08b8e425', '2', '1722', 'a7300c9b-c2a8-447d-bd80-e496df66550e'), ('188273508', '1509390070', '169978544', '1584908193', 'dc71adaf-f88c-4551-bd92-4678294340c9', '065d8095-3068-4d9a-84e1-da72da43c224', '432a4914-b2c4-4e5c-81fe-d180f67c4dc6', '2', '19715', '5368a68d-66b3-4772-9d0e-cf7e67da377d'), ('189597488', '203783719', '1611914462', '6322201', '5349b718-d1cb-4ecd-8f0e-2d15a3fbbe09', '02232d3e-b4b2-4370-8852-670acc5de7b0', '91ef883e-3fd2-455c-b3ef-79a159091fa7', '4', '16177', '00c8d709-8a3b-4d1d-abb5-0ea5e4ec6899'), ('193967833', '1616273110', '1119457885', '2097357642', '0ecc4f7a-45e9-422f-889f-4273674a9a70', '630d2888-eaf5-4cfc-9db3-19efdd69442a', 'b1152ff2-0c8d-48b2-ba0b-4aa64b77ab24', '1', '26604', '9da9776e-3eca-4885-b4c9-788484cdde0c'), ('196746609', '2011825736', '69353064', '327978368', 'fe182037-adbe-4493-a7af-21d2a6b9f909', '0e13d7d4-313d-4d03-b6a3-9e5bc5e651db', 'a8c554e7-6e26-46c3-9dfe-b93bcfff1c85', '2', '6780', '77026431-d804-4859-ac81-030305b0a9cd'), ('200028217', '1569981421', '1271038880', '1927766615', 'bcf072ca-a4c3-4ebe-8b08-87544443af86', '2a5fd56a-7b1f-4e96-a990-fc86814924db', '9b3d9ec1-d56a-460d-97b7-99ac7a6b70cb', '9', '9511', '5a105761-0e20-4c1e-915a-d9f31a555d33'), ('201967882', '1554992684', '755988044', '1786128658', '845287a8-f59a-4746-9bbe-0321d48e3cad', 'c7eeb09e-4deb-4c96-bd68-3ce460029384', '51dccb1a-9fcd-4a17-a561-ee799dc12f00', '2', '31826', '902ba2d3-4073-4d1a-b3b8-34f515cdc45c'), ('203985193', '220901302', '371959941', '372730496', '47c5ff20-138b-4c7e-9fe0-d9d5511c39e8', '8eab1daf-03c0-4253-b9f9-bfd81bf5370e', 'a76cbb6a-b53a-48c2-8195-20792b59f088', '1', '12235', 'd7e393f6-e8cd-40b7-95b6-fc7fb505cfd5'), ('208253731', '100012741', '304435722', '1696930887', 'a88dbddb-7d80-41a8-8be6-e8f98d88eba5', '7e507f2c-07ae-477c-8858-870359a7c733', '41c29659-bfe6-48d4-87f8-ad5c44b86773', '1', '3651', '68ee9494-e4d0-420b-a704-de620f0a076b'), ('211633040', '2113078029', '1080302472', '1156452147', '0b4ff2f0-0366-41ef-a704-ce2ecbd07455', 'da9d4591-8a24-4bd8-bbd4-c380dc3bbe26', '65304600-2015-40a0-ab01-8ddf4b3e1902', '1', '1669', '5d6f1180-7c4a-41ad-8a05-4c64c816abec'), ('313201882', '509810462', '1363989190', '130056966', '980e7bb8-1019-4082-adc2-ad7f45db9948', '2368ed0b-1d13-4169-8f08-a68b29958cc4', 'f2c656b6-1647-436b-bdea-011fb151088d', '2', '19411', '4fc91f40-b09f-4952-b769-48f6070b7d39'), ('335588897', '1763133359', '1104758145', '1236197728', 'd0554433-c83b-4afb-bb06-713c9873b45e', '4e49bcd2-df10-425c-a3a2-a47dd0985eb6', '83ec5c84-3111-4230-94f8-942772fba77f', '3', '26597', '12c3d437-e1fa-4450-ae00-2ff97ed45e1f'), ('363657309', '1086297975', '260635807', '184383871', '20818643-de82-4113-8297-8a448c2c6567', '6f008254-c1f5-4985-b606-4e11f501b7aa', '41581479-80f3-45be-b567-60051a9a9257', '4', '11432', 'bbd4777b-b793-4b4b-a605-8c50cae45125'), ('374865713', '1458361027', '870013168', '1383406044', '32b8683e-755a-4256-8a50-ff35b00a6334', 'dfed12ac-acc7-4151-9549-cf74ffae2cd4', '896135b0-59c9-44a8-abb7-367636875391', '2', '22868', '377a6f00-b44d-40e7-952d-1b5f53a50bec'), ('400570879', '275067072', '1348854079', '584783853', 'd85d4994-a72a-4a91-8847-1798f950ac2b', 'e7e512bd-6595-4dba-a0be-05c9c91885e8', '8f660408-63fe-42fe-a2d4-61743e9aa3d6', '2', '30247', 'e27fec20-4025-40a9-b8c3-1c07690805c1'), ('405334254', '733914870', '871427221', '2129014150', '8575b32d-5dd8-45e8-b887-67d7160a3134', '2808dc0d-2f69-4cbb-a0cd-1c2e059b63ba', '413a4c10-ac1e-4483-ad61-effd00e38dd1', '2', '21294', 'e5393f6e-cdfa-42a5-8567-33e02c2db664'), ('409133598', '382662351', '2110648603', '2023580482', '383d6979-97f2-4d28-927d-291c80614cf7', 'd76c1c98-543a-4f2f-a813-75fb13db1da0', 'dfbec604-f028-4154-9514-cc0fb313a4e0', '2', '7859', '4845afa6-d848-4bea-91cb-5f9ec45270de'), ('428195574', '1316090454', '1308467512', '1909684206', '3d9763cc-218a-4884-a25a-df571a82ec58', '422b80a2-a270-4429-b92c-7a67b9628705', '5979b9c5-24d7-40d8-b091-b6d963fff856', '1', '5806', '4a1e9939-7c63-4ee3-b6d8-66d43ecd6893'), ('439247930', '441577547', '170211534', '1033131137', '3d33746c-76a9-4a9e-b11e-d4956e8c701e', 'f6c14750-49bd-4dff-ab06-c4f7fd95c273', 'f2c6b140-5d03-448d-be53-d02ef1bcdc04', '2', '22742', '37e9b150-b547-45e5-8d0c-5267bab17eb9'), ('488989485', '728766286', '1004118168', '302921742', '7137354b-1dd9-42c6-bf97-67f99a333e07', '7bb8b93e-12e9-4a42-b12d-b942cd8dca64', '532eaea9-b94a-4d29-bb95-d6ec0bb33333', '7', '1326', '899bbef1-a4e8-42bc-9431-dc8ba7cc7842'), ('524656504', '276176548', '945106456', '1910479203', '6b9e0302-9874-47c9-95e4-dc2dc1602acc', '33a15cb8-b4c7-47eb-a539-2a8b618e02db', '922c3590-4daf-4698-89a3-e88ab367026f', '1', '9752', '499b79f6-01be-4fd1-a97a-4bf2b48b74e5'), ('550629796', '638562968', '1197923654', '1103986014', '17589821-328b-4096-8a48-823a4f55af74', '11ffee2a-d100-4545-b2e4-e256a2c3f28b', '3c35315e-c691-4120-80da-f304720a05e6', '2', '17439', '470ab45f-bbbc-4e42-8700-0da16a703d26'), ('552467650', '1598027051', '1322288035', '1750429414', '9d611cf2-43d4-418a-a30d-2a063f2349af', '0587b484-15f5-48df-9b6f-8ce07d324f22', 'ccbd525a-1a3d-491a-8be9-28c16ba9e191', '1', '29919', 'c8572e17-ffca-4fc8-b2f5-5c72acf11d0f'), ('555586362', '1709012875', '807342971', '1813309857', '06f65836-7ce5-415b-802e-3cd50c6bbd51', 'a5aa6599-a631-4812-b8ee-3d04d37cc2d7', '625b16c5-caea-4aaf-b8de-6ad39132b761', '1', '17258', 'c2655fbb-4b35-4a6a-9f60-2a8b34f59265'), ('584350368', '672781180', '1366768502', '1583174696', '337e7eef-00cc-494c-840d-cd323c48765c', '88eef4ba-ba4b-4931-bd2e-6fe11681baac', '5d9a7a6e-1509-4fb4-aded-c91572f867e7', '2', '28493', '789ad996-3892-481a-8f4a-19c9c6ce0479'), ('594270141', '827709561', '318938307', '572776690', 'a64e0b08-1c2f-4511-af58-b33d06729f91', '44d911fd-f740-429e-bb65-46c439ee033c', '19147f28-4cd9-4dc2-818b-cfded1d584c1', '2', '702', '1d9200d0-8c3a-4a09-9149-fd36cdf536f8'), ('596870568', '226345987', '2129523036', '1463177664', '480ed789-5f14-47ab-b3bf-135d08e85df4', '03c192fa-cdab-4c7b-a205-ed65bdca5d72', '224b714b-1c55-4802-9c0d-5b879639e8f5', '3', '25401', '79422b72-7868-43a4-b3a3-96af9aa4f1f4'), ('641719742', '1308358687', '238745665', '1381952386', '4cf0d18f-de61-4ec5-9d3b-1db0710f4f06', '448b61e9-bbe3-4077-a91d-04a93da7292f', 'd9d28532-cb6f-4a7b-98b1-e4227c29f16d', '8', '20628', 'e5055514-9319-4eae-bded-8a4abf595333'), ('653075133', '1420722546', '1454672746', '1831471468', '4e1b58d8-5379-464f-9e30-bda72494e728', 'd985adfd-1735-4279-b93a-eab6b736d042', 'f9db9d55-1a9e-4463-8c79-4cb56cf8e26c', '3', '12213', 'b65d9236-a4b1-4286-9722-cf5a30a929ef'), ('663383825', '1909024197', '1843255941', '1215886458', 'b9e0c665-4e52-435e-8a0b-c5eabc7c1a28', '76fee254-8141-40a0-a97e-d07aaa8c8e91', 'b9deb660-46be-44eb-b446-fb85d96654a9', '1', '9959', '8f012bf1-f5e8-4c00-ab07-27b5a0a6d252'), ('666365814', '1118927848', '542410216', '67658720', '1c888cf7-d893-4adb-bee7-8c30a29e3256', '6815f542-9ff4-4320-8db1-db1b02660593', '3d4857e6-df59-40c2-9f67-0ee92f1cdbbe', '2', '10369', '3c61165f-7088-462b-9535-5d5091bee3d0'), ('680373802', '2052723923', '468879501', '40029018', '75ff572f-0044-4708-be1a-56b7a4516858', '049281fe-7cc2-48b1-8eb3-ed33623007fd', 'b54f84d6-8309-48cd-add0-52bc1a26c010', '4', '28673', '653d0afc-285e-48a8-a0d1-d54bd5257cbb'), ('696203158', '1546026360', '1114880187', '793032218', 'a6cd023f-e1ae-44b2-ad2d-99e14372f4a2', '09e0ede2-2262-4d48-ab94-7d8b62707d0a', '5c3539be-89cf-4c36-a1e9-8e5fa53cb5c5', '2', '24750', 'e463e73f-7f50-4447-863b-67eeb1228548'), ('712311282', '511713339', '317889676', '1354182859', 'bf0ff026-d9d3-4575-b108-24eee4a487e6', '01f61efa-85aa-486a-aafa-62dd9e08c93d', '413a649f-bdb6-43f1-8322-512e661c4ffd', '9', '4313', '617942fa-2135-4107-8610-72f44ea0a659'), ('751734119', '1523061620', '272196898', '574539832', 'c9a3f42d-4110-403c-9c34-4cba888809db', 'b91dc35e-da26-41e1-a8c2-97176fe44d7a', '8e0f4e09-4728-40fd-84b8-d2c93986950f', '2', '23499', '54f1d530-6575-4f06-8bde-3ebfae055d42'), ('751757585', '965227181', '1556211471', '1267302029', '95c6f1c7-eef9-45ad-97c5-5147cad29b05', '1e22e3eb-9681-4c5c-8703-b73cf76031cc', 'cee3dd90-ad58-459e-839c-592347d9b00b', '1', '30350', '39f21538-abd0-4785-aef5-f39473c02ac4'), ('766808418', '1810291282', '2015365031', '1096596689', '126891ca-0e39-415a-aed4-417507d592a8', '7d356799-c938-452e-9293-6e7521145556', 'ecfdc3a5-8700-4d91-853d-550ccc34c30a', '2', '22979', '8ffac1d8-0a2c-48f7-a188-a98425fa5cde'), ('783189904', '344513179', '378216679', '255053781', '32bca643-f42d-4463-9ec4-9a22a7387d63', '22e9584b-fed4-4d6b-8640-13181c5c52b4', 'a3a36487-fd1a-482c-a661-d2e96656b91d', '6', '26317', '512208d5-a163-4894-9465-2fd96d2dd4bb'), ('816928752', '879574785', '1725056633', '338525788', '26cfdce3-b795-4b7f-a8bb-ed3261fbc4fe', '7f7ebf4d-6e9d-42cc-823e-5b52766ec15f', '46777250-c959-431c-b6fc-743dc4eaa487', '2', '26508', '6d3273ee-01bb-47ab-8df4-30181231b6f0'), ('856770632', '110798223', '319033828', '1061839078', '3f4f0bde-ae7a-4087-b086-c9035b67795f', 'f9dc4b79-29c1-4b57-a8f8-8df1782bc58e', '2f0767a1-3bef-4183-873d-5494723d0790', '2', '24519', 'edae9150-2a01-47a5-96d7-91e76964e60e'), ('865516823', '579294684', '2109916301', '892583451', 'dfcddfcd-af3f-4c73-b29b-c8b617458052', 'eec9541d-88ae-4c77-91d6-c05161135083', '289906b0-acf7-4b99-a1da-158ce05cd8ec', '3', '3864', 'ebd99197-17c0-4158-9f2c-bf0ca8520826'), ('887839071', '2061200859', '2009847375', '1197831072', 'a5ecd40b-9c29-45b8-8dbc-b39e209b035d', 'cf93c5fc-728c-45db-ac70-ad9dc01eeb10', '80f7b2f4-ef3a-41ad-ab95-286faa735517', '8', '32540', '1f9d9f65-1161-492c-8bf9-006d20e40bbd'), ('916847199', '1064914802', '453527241', '702746571', 'd0c24f7e-c6da-4c14-826c-f4938a7e9ac8', '2ac5cda7-c9a2-4537-8ff1-36dd1b518e85', '04d2e396-0059-4812-ae39-74111e759a9f', '1', '17652', 'dc8433d6-c7a2-4c58-b0f7-f0774a2671f9'), ('927101143', '252616570', '2010642831', '430678459', 'e8fdd568-f4bf-4d71-998b-42a3666c4e03', '5765ef7e-afe6-446d-817a-432da7c6643e', 'a8210475-d4a9-49fe-9bc6-2226cc1d0280', '4', '4744', '859046a7-2d2e-4fe6-889f-6689325549f9'), ('967033378', '314287047', '1450897302', '1926076931', '09f68320-6fa6-43eb-af14-3bac203fc420', 'e016f670-1953-406b-95bb-81c2281d8e07', 'e99ced32-7c21-48e0-add0-08a2dc7909fa', '2', '10646', '9c4ee36e-f17a-45e6-89ef-e89ca4b4a2e1'), ('970136867', '1991898963', '1497062169', '1550926453', '13f6dfb2-03e2-49f0-a346-4156892b7c00', '3883b40b-3a15-4729-ac88-34dd0878914f', 'ea1e797a-2e49-49cc-a553-43486313ab88', '2', '29837', 'fbe4700b-e71c-40e1-9110-525bea818041'), ('994295735', '1536934790', '2126080561', '1666979953', '7ed9a864-ee9d-4cc4-849d-838eb15d0065', 'dd2a6ecd-0986-4cdf-9781-d0829937e2c9', 'c160c25a-071f-4005-a817-82b6b94cd11c', '2', '28001', '2ec8ce0b-e740-4798-bff9-3caa27fa4557'), ('995435005', '979932424', '429213654', '1748168805', '86af10c5-ac8a-4a8e-8611-aa6b30c06cba', '3f64b373-5795-4a5c-8e40-6076dc82bbaf', 'd01517d0-abf5-4267-b11a-2580254db31c', '1', '31524', '1e918a6d-e4c2-4a5f-8342-b33ffc198a76');


-- rel_posts_categories
CREATE TABLE rel_posts_categories (
    `posts_categories_id` INT UNSIGNED (10) NOT NULL,
    `posts_id` INT UNSIGNED (10) NOT NULL,
    `categories_id` INT UNSIGNED (10) NOT NULL,
    PRIMARY KEY PRIMARY (posts_categories_id)
);


-- Data for rel_posts_categories
INSERT INTO rel_posts_categories VALUES('7873256', '174015519', '776358953'), ('48269981', '145359408', '880501882'), ('54810253', '6066346', '791109473'), ('70753715', '405334254', '210613685'), ('82506658', '143266402', '141615185'), ('100571622', '524656504', '482127939'), ('104662513', '169042329', '385297335'), ('105474961', '136273578', '526289219'), ('105493553', '167718853', '119535927'), ('106526825', '25505133', '286227553'), ('107725458', '653075133', '112722403'), ('108458683', '203985193', '178135768'), ('108586640', '144608713', '401812525'), ('110708771', '133427563', '335958361'), ('112453356', '994295735', '116098918'), ('112806603', '680373802', '151710082'), ('112821885', '666365814', '540124981'), ('116082421', '696203158', '436342319'), ('118393178', '363657309', '786244026'), ('121984553', '555586362', '582986214'), ('127290050', '783189904', '390675434'), ('127291561', '50642517', '158325631'), ('128792030', '147478883', '566016510'), ('130160248', '201967882', '164155202'), ('132179773', '428195574', '403470650'), ('133550005', '967033378', '133328486'), ('135857088', '663383825', '126444578'), ('138847690', '887839071', '57194855'), ('140616080', '766808418', '130328712'), ('140957312', '155057018', '591903597'), ('145621301', '136114925', '186214575'), ('146274555', '130276435', '119713602'), ('149386173', '712311282', '164226768'), ('150210226', '111423867', '570770875'), ('151501290', '108112544', '212710703'), ('153020732', '108740491', '660846621'), ('153217005', '856770632', '140177927'), ('153356694', '157796134', '768649254'), ('156564281', '196746609', '832076787'), ('159160418', '374865713', '110336361'), ('159417832', '165927245', '325139387'), ('159756488', '970136867', '489897375'), ('164977293', '122304613', '178228549'), ('166359297', '154403345', '103349474'), ('167655866', '141514068', '710181917'), ('169911700', '927101143', '163838994'), ('175016458', '121669456', '100880515'), ('176762284', '816928752', '913631303'), ('185566034', '151912307', '289481119'), ('186007648', '138027717', '109134228'), ('186397898', '439247930', '183293925'), ('191121352', '120179469', '449687043'), ('192301993', '313201882', '128397911'), ('193741216', '865516823', '872385229'), ('193914867', '751734119', '568055705'), ('196256112', '46453040', '621417323'), ('196788275', '156710936', '654365558'), ('196837676', '161385335', '106859745'), ('198249998', '152874413', '595338065'), ('204622885', '211633040', '139728334'), ('204764953', '185069553', '562090705'), ('209359993', '152108966', '204506780'), ('210455599', '126600267', '119233056'), ('212200231', '186869455', '131528908'), ('224436277', '409133598', '767603130'), ('228042167', '179929762', '593028801'), ('240571618', '137768520', '872198319'), ('286461881', '159104391', '105311508'), ('287492497', '105468784', '128445545'), ('289074436', '118131409', '850478136'), ('307883329', '584350368', '858603280'), ('328894868', '552467650', '119720686'), ('343500063', '116438012', '315823186'), ('366166411', '176893623', '639782630'), ('367044609', '174942191', '186810152'), ('372081862', '208253731', '146141356'), ('382621602', '125681117', '125045148'), ('386718700', '335588897', '47037401'), ('398801954', '596870568', '371544782'), ('466188545', '550629796', '207588873'), ('525251183', '161293628', '910080605'), ('539090826', '189597488', '195261441'), ('539609114', '641719742', '960989945'), ('551250394', '200028217', '462872499'), ('560917189', '160521424', '171300781'), ('576072686', '488989485', '102949038'), ('578536510', '179296666', '143962842'), ('580499039', '139842298', '191615447'), ('586456972', '751757585', '138912116'), ('588993382', '174505739', '80054174'), ('589422622', '157251300', '363426513'), ('604295048', '193967833', '163860795'), ('666004899', '129765266', '313214641'), ('684499179', '916847199', '537120471'), ('684843377', '594270141', '153329843'), ('817799734', '400570879', '205097184'), ('828246661', '117597540', '203019151'), ('913934766', '188273508', '147882933'), ('978087424', '156554857', '165760636'), ('992279795', '995435005', '11736875');


-- rel_users_following
CREATE TABLE rel_users_following (
    `following_id` INT (10) NOT NULL,
    `users_follower_id` INT UNSIGNED (10) NOT NULL,
    `users_supplier_id` INT UNSIGNED (10) NOT NULL,
    `following_confirm` SMALLINT UNSIGNED (5) NOT NULL,
    `following_time` INT UNSIGNED (10) NOT NULL,
    PRIMARY KEY PRIMARY (following_id)
);


-- Data for rel_users_following
INSERT INTO rel_users_following VALUES('3887769', '1348854079', '1805153139', '6', '1883355488'), ('12289100', '272196898', '542410216', '2', '1145722995'), ('28756836', '755988044', '2010642831', '2', '1011985207'), ('51045833', '1271038880', '468879501', '3', '1193769988'), ('59575382', '1662105372', '1052573713', '1', '1287950363'), ('78481196', '1247761622', '1725056633', '1', '928883324'), ('100170713', '904746834', '1088465193', '1', '1124618934'), ('101336736', '814920526', '69353064', '5', '41819166'), ('102940329', '1611914462', '2129523036', '3', '1033064040'), ('103387406', '1966799878', '319336671', '3', '1270593017'), ('106815152', '279192865', '409573686', '1', '494056706'), ('106919549', '1696722139', '1024460395', '1', '1203894637'), ('111180283', '1799707414', '170211534', '8', '1698424715'), ('112564623', '808182757', '423559004', '1', '1456436680'), ('116994242', '1450897302', '439455394', '1', '894536883'), ('117457894', '2062835785', '1654645016', '3', '1998251480'), ('119138411', '1080302472', '1799707414', '1', '1991013416'), ('124181544', '2110648603', '1271038880', '2', '895166194'), ('128504183', '1065965392', '2007404910', '1', '899984891'), ('128569770', '2126080561', '1247761622', '2', '1511140293'), ('128977964', '187943314', '238745665', '2', '1524781808'), ('135104908', '1004118168', '43823926', '1', '1033282879'), ('136432951', '870013168', '319033828', '2', '387070019'), ('137473980', '1119457885', '2015365031', '3', '1865154184'), ('140238318', '319336671', '1305236165', '3', '2022142408'), ('142221718', '708609009', '870013168', '2', '706850759'), ('142811124', '1183370627', '708609009', '5', '818907919'), ('145068565', '423559004', '149481573', '2', '844835933'), ('148402167', '170211534', '2110648603', '2', '979951824'), ('151384619', '1042684007', '899999095', '2', '593206409'), ('152821158', '429213654', '996232584', '3', '1022218441'), ('153456427', '1810905064', '1308467512', '7', '436453798'), ('154508819', '1454672746', '1363989190', '1', '1733368725'), ('154943630', '2010642831', '1450897302', '2', '52365195'), ('155192574', '1556211471', '1454672746', '2', '715255098'), ('156742715', '319033828', '1812626101', '2', '1155809158'), ('157451897', '260635807', '317889676', '2', '2014133304'), ('158188092', '468879501', '1004118168', '3', '1067665924'), ('158222776', '1812626101', '1183370627', '7', '1753063851'), ('158760222', '43823926', '1366768502', '1', '1971835751'), ('159008328', '871427221', '755988044', '2', '237564724'), ('159348682', '318938307', '2019060137', '7', '1703155715'), ('162484435', '1046526009', '1730436054', '1', '399904307'), ('163393709', '1308467512', '602769449', '4', '953267273'), ('165756462', '1088465193', '169978544', '2', '1833267156'), ('166587392', '1497062169', '1119457885', '2', '1718750451'), ('166683567', '1775709126', '260635807', '1', '2077586038'), ('168319713', '602769449', '834651224', '2', '938048345'), ('173151446', '1827099105', '1611914462', '2', '506391962'), ('173879326', '1188053003', '1197564146', '2', '680004114'), ('175958225', '1805153139', '904746834', '2', '277959517'), ('176717295', '472920442', '1497062169', '5', '829393223'), ('178923091', '1366768502', '371959941', '2', '1312615652'), ('181302495', '1843255941', '936035955', '1', '1988889743'), ('184525690', '1104758145', '1042684007', '9', '1811299438'), ('196277342', '1322288035', '472920442', '1', '1080426138'), ('197389978', '453527241', '1104758145', '4', '1841402399'), ('197732692', '945106456', '272196898', '9', '1920875121'), ('198679036', '933749692', '1065965392', '3', '507353662'), ('199016250', '169978544', '429213654', '1', '1727674114'), ('199824427', '1114880187', '1114880187', '6', '1298998114'), ('200264638', '2015365031', '814920526', '9', '305540731'), ('200539281', '542410216', '1810905064', '1', '1662808280'), ('201440095', '1211252807', '1322288035', '1', '858064172'), ('204774920', '69353064', '808182757', '2', '289430117'), ('208603838', '516880669', '1775709126', '5', '77019502'), ('209988625', '807342971', '2109916301', '1', '1436961'), ('211174447', '1197923654', '1464548646', '3', '1676043147'), ('212227821', '936035955', '318938307', '2', '153200404'), ('245288551', '1652413650', '1696722139', '1', '602299265'), ('256857498', '1305236165', '1662105372', '3', '1393965797'), ('262427114', '378216679', '1058381309', '4', '261373154'), ('270897192', '1464548646', '453527241', '2', '150190647'), ('329036478', '2122960821', '342166171', '2', '49439743'), ('339178391', '1730436054', '378216679', '3', '1259498360'), ('342671337', '409573686', '1080302472', '1', '1738250173'), ('402026946', '371959941', '1556211471', '1', '843466778'), ('438276082', '1052573713', '2009847375', '9', '962044096'), ('438856375', '1363989190', '871427221', '2', '866314498'), ('449865118', '996232584', '1188053003', '2', '549814249'), ('552755729', '2009847375', '1966799878', '6', '1489306852'), ('577258594', '2007404910', '2122960821', '3', '2099442363'), ('577659756', '304435722', '279192865', '2', '565254331'), ('603887645', '834651224', '1827099105', '4', '654945493'), ('610153007', '1654645016', '1671023864', '3', '1892104934'), ('654654030', '1024460395', '1211252807', '1', '260940895'), ('654915384', '1671023864', '1843255941', '5', '760375921'), ('682044586', '439455394', '1348854079', '2', '1143660738'), ('684579830', '238745665', '1197923654', '6', '1926707595'), ('711366406', '1367418722', '516880669', '2', '1052136493'), ('765237616', '1058381309', '1652413650', '1', '1181341598'), ('791822664', '2129523036', '2126080561', '3', '1611963126'), ('819449449', '2109916301', '807342971', '9', '983383887'), ('849209698', '2019060137', '2062835785', '9', '911562773'), ('875892406', '342166171', '187943314', '1', '1219252208'), ('904478042', '317889676', '304435722', '3', '1251039308'), ('929930328', '899999095', '945106456', '2', '34246129'), ('985619162', '149481573', '1367418722', '8', '1552213154'), ('991221309', '1725056633', '1046526009', '7', '45195860'), ('993880715', '1197564146', '933749692', '1', '1255423521');


-- rel_users_posts_comments
CREATE TABLE rel_users_posts_comments (
    `rel_users_posts_comments_id` INT UNSIGNED (10) NOT NULL,
    `users_id` INT UNSIGNED (10) NOT NULL,
    `posts_id` INT UNSIGNED (10) NOT NULL,
    `comments_text` TEXT (65535) NOT NULL,
    `rel_users_posts_comments_time` INT UNSIGNED (10) NOT NULL,
    PRIMARY KEY PRIMARY (rel_users_posts_comments_id)
);


-- Data for rel_users_posts_comments
INSERT INTO rel_users_posts_comments VALUES('29013361', '1966799878', '138027717', 'c67c4323-1f67-449c-a0ab-2b51b80498a3', '213879447'), ('34305643', '1119457885', '165927245', '97942c83-b4b5-4ef4-891c-0449dd2d799e', '959182794'), ('36198985', '409573686', '185069553', '49034bcf-5096-4f55-ac2f-60aa35ffef2c', '1354627011'), ('55496570', '1805153139', '50642517', '718cb180-ba4e-46fe-9b1c-59b3f12f17d1', '513314187'), ('103073444', '945106456', '174942191', 'c438ba82-3573-4ade-9b04-8f27be7f07bf', '1927785911'), ('110223807', '1652413650', '105468784', '1b75bd6c-1abc-48cf-9d90-0436f39366bd', '1243272428'), ('113663519', '1004118168', '151912307', 'eaa13aeb-cf61-4cfe-ab27-1c5d8adb8af0', '886206935'), ('114495164', '2109916301', '122304613', '12c50cb1-8724-4363-9134-4c2a91fb8bb8', '1378245550'), ('115949674', '755988044', '555586362', 'e3e89697-caa3-451c-85a9-05c38488a49b', '1058534562'), ('118563906', '43823926', '967033378', '4d86eaf5-08d7-40f3-87d4-a98daf6fd138', '915937208'), ('118964243', '1183370627', '970136867', '1def49f6-6f1f-4703-8cc3-6b21f29022d4', '463155333'), ('124223503', '1556211471', '865516823', '5abc1f38-58eb-4f6d-b498-9889e2059ade', '515797006'), ('128927091', '1042684007', '196746609', '0ed63297-458c-452f-9e8a-03f4bf32d8fe', '456026040'), ('131176365', '933749692', '200028217', 'b1c0ca09-ec21-4b54-a811-c902e07c744d', '1910869877'), ('131751627', '2007404910', '145359408', '627b2e85-a576-4269-86b7-c0a6cc63cdf2', '372665912'), ('134291846', '871427221', '374865713', 'e29d3faf-a20e-4d60-8cf4-dabe6c6cbaa0', '1692014982'), ('135508274', '1114880187', '155057018', '1d100a09-2a59-4409-9056-6be9bbb5cc9d', '127009212'), ('136634462', '317889676', '405334254', 'cddf04a5-0ec5-4f27-849b-22e0d74b2018', '1927973965'), ('136828103', '1247761622', '156710936', '8b021493-dc5e-49fb-87e9-bf945898f479', '1532860017'), ('138704824', '814920526', '189597488', 'fcfb45c5-6751-4baf-bdb9-73a6257ff0fe', '1073908280'), ('139325506', '279192865', '133427563', '9ab65ff7-8804-4e3d-a6db-44fa40fdb27e', '1848441701'), ('141205588', '2122960821', '152108966', 'd05ffdcc-94b5-4366-82d2-9862ee25162b', '1340000041'), ('144939003', '1812626101', '186869455', '2706afd6-9fbd-4752-9131-5cbcced71bcd', '902913707'), ('145153093', '1046526009', '584350368', '4fd77077-3a25-4521-9af9-a890d3425ab6', '1475783132'), ('149975560', '1454672746', '143266402', '9818dddf-56f6-456e-a529-9a204b704f74', '74342810'), ('151984819', '468879501', '653075133', '41e2ce8b-fa7c-4d74-b4c5-d8c85e02d8e7', '1948751804'), ('153968630', '378216679', '157796134', '0184913a-9808-4a26-bbe8-53787bb55c68', '1224295736'), ('155857670', '1080302472', '156554857', '09a77b13-c517-4a36-b92b-31577ea63fcc', '2077475785'), ('156801157', '899999095', '108112544', '0aaf40e5-0e07-4f6a-bef9-acac59fe89f4', '248776021'), ('159736896', '1088465193', '766808418', 'f451054b-1628-465c-9e02-d9b9e8c22257', '863695202'), ('166284168', '2019060137', '208253731', '59bd2482-876c-42f8-844b-d2a741dee71f', '1776715503'), ('171562274', '1725056633', '46453040', '5f692913-900a-4bb8-9c69-f6cc64170f02', '1892620358'), ('172321060', '1211252807', '176893623', '366c1899-d8ba-4915-9af6-bebf5ec2c6d3', '322519267'), ('174580041', '516880669', '856770632', '6764fe19-0f95-47a4-8fea-2ac60958fa61', '986252692'), ('179967082', '1775709126', '400570879', '9cee3741-1ea5-478d-913b-7ec875ec460a', '986883046'), ('180066462', '2009847375', '120179469', '9402fb70-65d7-4bd5-b40d-47da991dfc45', '1946141297'), ('184720834', '1366768502', '157251300', '2f5cafad-b5ef-4e33-b165-a7abe3e2503c', '589522641'), ('186778336', '1611914462', '174505739', 'b5c00ce5-03c1-44b6-bf9b-425962245daa', '607796473'), ('187375717', '1654645016', '136114925', '62a5c339-5806-4d81-a0cc-1c632506ba0d', '227977403'), ('187564488', '1450897302', '488989485', '873286f8-963f-4293-a443-ee3d498ed056', '1940953951'), ('195300249', '1305236165', '174015519', '7353b5bf-c4b1-4606-80a4-0465ca2bf948', '573645009'), ('198056054', '1843255941', '137768520', 'b57b6c10-fb8c-40c8-a6ba-2273bd462641', '1601648426'), ('199821329', '1730436054', '179929762', '0e365baa-b299-4678-b20b-c6d927ddc065', '1574305922'), ('200400585', '708609009', '169042329', '0a30e64c-7bc7-4fc7-b4e8-a6b9bf31a0ca', '12231604'), ('200466702', '1188053003', '663383825', '5a5c69a0-175e-4cb4-9cc4-fa0baf212290', '41048857'), ('201689411', '1197923654', '995435005', '7ba9a64c-f0b8-489a-979a-a3cb7967ce31', '352543258'), ('202736999', '1308467512', '108740491', 'f4e94f25-0649-4a75-a31e-cd32b6f94b26', '1190715366'), ('204087058', '439455394', '159104391', '27caa155-a34a-4ca2-9be3-306e2b8a4b0a', '1613576696'), ('207245357', '1827099105', '125681117', '3a47ef77-2345-4130-8186-4c48ff2846a6', '599493211'), ('207838415', '1367418722', '188273508', '1ebd5603-2c33-412b-9877-a315e743e6eb', '1262327579'), ('211898010', '904746834', '111423867', 'edfe004f-92f6-42c9-a5b5-c9edb96c47fb', '1849082070'), ('213422321', '807342971', '751734119', '0fd1dedb-bb7e-4731-8929-d6f871a15549', '1812633374'), ('262058201', '272196898', '641719742', '9f310135-d6ac-41f0-8ec4-a51028dcc93d', '1335497015'), ('288504946', '2015365031', '179296666', '3c4e2b3e-4dec-4bb3-9316-5349a0a50fdb', '103183078'), ('288742418', '319033828', '751757585', '05bee60d-344f-4d74-b0a4-79386cd43dfa', '107829249'), ('332480690', '169978544', '167718853', 'd58c8b6a-037e-4c66-af2a-99597a001113', '1466327873'), ('350507510', '1662105372', '161385335', '61997c6b-7af8-4477-ac8a-d14f4f7a7178', '491874608'), ('358693134', '342166171', '136273578', '4d8bff7e-db3e-402b-aa0c-40d44ccbfc90', '2130004697'), ('373106224', '260635807', '126600267', '85ae4500-fd94-4c19-9b3a-813cc6bcbe72', '1919812296'), ('400009371', '1497062169', '201967882', 'de20199c-ca65-434f-b965-b47ec8c5fd3c', '2014467789'), ('406651700', '319336671', '193967833', 'f5417ecf-967c-49b3-919c-0a96d27ffcf1', '570136169'), ('419804951', '1696722139', '141514068', '8d1b066f-a5d8-4e77-93d2-e0af18f68ac6', '258072552'), ('423909539', '149481573', '666365814', 'e7bb2e11-d1eb-43b3-974c-270ad2cfe52f', '149562073'), ('440123500', '453527241', '439247930', 'f54403a7-8f1a-4f4d-be9b-4466e8253485', '1340015299'), ('464759026', '1024460395', '139842298', '38b87769-521a-4faf-9c38-10b9f3bd6e6d', '1748705039'), ('473694149', '472920442', '211633040', '6d394e2e-ba44-45ac-af76-43ebe077ed15', '678731790'), ('478226391', '1464548646', '129765266', '0bf5d6f3-7af3-4c3a-9664-d5ac3a68361a', '1766662822'), ('486706165', '870013168', '6066346', '65126a23-cdd1-4718-9d51-57fe8aa6ddfb', '1601038677'), ('530391492', '1363989190', '152874413', '385df19a-6e5b-4983-adf1-5daf45d8f251', '1398435049'), ('548831127', '1197564146', '696203158', '3317a053-f5d3-4f1f-b1be-228b0c5ea3fa', '2098775627'), ('587735850', '602769449', '552467650', 'd574a8bd-43d8-496f-b2b1-5bc6a65c3cb0', '1465212896'), ('601499589', '2110648603', '154403345', '71572d6c-91ee-4733-b35c-efd8820ceeef', '2085838992'), ('625439169', '936035955', '594270141', '764e7af0-ac9b-482e-82f7-7674f5afa0e4', '14813076'), ('628894942', '996232584', '25505133', 'c3b17d60-0914-43f7-95f8-3af90b2d0b56', '1954125695'), ('633901295', '69353064', '121669456', '2b3997f9-b1e4-48ad-9b09-05a7c52fb45d', '1760017047'), ('654344413', '542410216', '428195574', 'f2446d72-2017-4ef1-af4f-245bc19d4446', '14490954'), ('654951805', '2129523036', '203985193', '18f8763d-8078-433b-8833-4519724a7b16', '1899572399'), ('697670681', '808182757', '927101143', 'd933692a-0e65-4045-bc67-d1dc50fa4293', '1596332319'), ('727492364', '834651224', '887839071', '67829bb2-d914-408d-b5af-33ebd1fdf0c6', '1944576522'), ('731498788', '1052573713', '147478883', 'a2da29e1-3f44-43cc-a616-1cb8f66d96b5', '1220954162'), ('783174994', '2010642831', '144608713', 'a4ade37b-770e-4434-882e-481fb1ad7d4e', '1886265'), ('807205135', '2062835785', '160521424', 'cfad2297-dcf9-4e08-bd77-aa680f33e329', '1218444166'), ('814834530', '304435722', '335588897', '8f9057cb-bb89-4b5d-b2a6-bd3476230c5c', '1696243753'), ('857615842', '1271038880', '363657309', '2d8edd9f-cdcf-4338-b166-876f404696eb', '896287764'), ('880065751', '1348854079', '816928752', '8e88a29b-73b2-4a1e-919a-8b87bf618969', '1028277539'), ('881672266', '1322288035', '712311282', 'aef1ae85-79c6-4a0b-854f-bef04b798977', '1890445330'), ('884076978', '238745665', '680373802', '5eeb4fe7-6be6-41df-866e-5089dfc5114d', '1058202632'), ('885237521', '1065965392', '118131409', '8bbf1d0d-9ccb-4ca1-9067-2658d67079ed', '1352924918'), ('903110801', '2126080561', '783189904', '4d8a8d73-013c-4fdf-bb04-fcc4d7321aeb', '725708189'), ('915065921', '1671023864', '994295735', 'b76d4be7-0db9-473b-800e-8f9cb16ac542', '1895048309'), ('933160296', '187943314', '313201882', 'eeadf281-eea4-4dd5-a491-0fa3d829ecd1', '1822387280'), ('940004538', '1058381309', '596870568', '50a904ec-0be2-4fb8-b9cb-ba104063c38a', '1373631043'), ('956733033', '429213654', '524656504', '3637ff82-254d-4236-885e-96a6fab8d9a2', '411434455'), ('956897231', '371959941', '130276435', '29d01f1f-c1e1-4684-a2cc-acd237f289b0', '877604856'), ('959576397', '423559004', '117597540', '05dc7789-0cbd-4693-8b5f-2fe9522781e9', '1870665581'), ('964330294', '170211534', '409133598', 'ac63b826-61c8-4e70-820c-113ae24ed6cd', '596599832'), ('967458541', '1799707414', '161293628', '87ed536a-1c45-44f4-8af8-84c872b248ed', '886801220'), ('968136839', '1104758145', '116438012', 'd0b15446-f12b-4600-84f3-690cf942fe31', '219977052'), ('981442123', '1810905064', '916847199', 'e425032a-8c74-4c3b-953e-971a41e378e9', '55971532'), ('993731930', '318938307', '550629796', 'd234e96c-9607-4614-9deb-e92e749b1247', '1058960118');


-- users
CREATE TABLE users (
    `users_id` INT UNSIGNED (10) NOT NULL,
    `users_username` VARCHAR (100) NOT NULL,
    `users_password` VARCHAR (80) NOT NULL,
    `users_email` VARCHAR (100) NOT NULL,
    `users_created_on` INT UNSIGNED (10) NOT NULL,
    `users_last_login` INT UNSIGNED (10) NULL,
    `users_active` BIT (0) NULL,
    `users_phone` VARCHAR (20) NULL,
    `users_social_vk` VARCHAR (128) NOT NULL,
    `users_social_fb` VARCHAR (128) NOT NULL,
    `users_sex` INT (10) NOT NULL,
    `users_birth_date` VARCHAR (32) NOT NULL,
    `users_adv_info` VARCHAR (1024) NOT NULL,
    `users_img` VARCHAR (256) NOT NULL,
    `users_verify_phone` INT (10) NOT NULL,
    `users_premium` INT (10) NOT NULL,
    PRIMARY KEY PRIMARY (users_id)
);


-- Data for users
INSERT INTO users VALUES('43823926', '5fed132d-c4f1-467e-a492-5d7c8a1596c6', 'd9fd9213-b91a-464c-8d60-4b797f73d26c', '423ab366-6cdd-40e8-a9cf-2257f5cece23', '792486500', '1204109753', 'true', 'bb6fe625-ebfc-46b5', '0bd723da-c434-4a6c-ab71-e8e56c0da21c', 'c9f3ad2a-418d-47c4-9430-509dd4d54f9b', '8', '8deef23f-7497-4c83-840e-231e6d', 'e413e2df-bd35-4528-a779-39f4f3022e14', '09f9e42d-97af-4b55-b60e-2a8c56f5d041', '1', '2'), ('69353064', '34c4ff52-93b5-4686-8a56-d5807b668269', 'dbb1e07d-fdb9-43e4-a144-6fadc375d5a5', 'cc0e4120-0163-4526-86b1-8b77dfeed007', '38051083', '1525822027', 'true', 'e766573b-10e3-4f8a', 'ee7798fe-1668-4264-8149-8d5662dd2687', '58385912-44ab-4521-ae47-e44f555ee604', '1', '08f3a160-771a-453f-ba01-98ddce', 'aeb58fff-167b-4bb6-a9e0-35d78c1ec68e', '1f6e8fbc-ce5f-4a74-a431-d4621d842b3a', '1', '2'), ('149481573', '71552757-4b95-49a3-a854-9f11d1c153fb', '7e8c447a-b9cc-4073-b41b-657a813098ea', 'c11491a4-4ade-4189-b71c-8ee184c68472', '1439138715', '1254456207', 'true', 'cec8432b-fd68-4313', 'b36c4d02-cd2a-47f7-ae04-42ef35fc5cda', '799e2331-8716-4f5e-a89e-2c082e60a889', '1', '158b070e-ac4c-4f5a-ac24-038339', 'b5603985-e999-44b3-883a-2ff33dc0e719', 'a6d13f8c-089f-48f3-954f-c02ce38e5a70', '2', '3'), ('169978544', '6951722f-0967-49cd-b099-2c2e2385cbf0', 'c76045ee-d572-4c58-b695-eec49316a3a6', '47a533aa-d889-43f0-a845-7ee3a1778b4a', '1663339956', '1676086476', 'true', '830cf2f8-7cf2-4db2', '403391a3-9d40-447e-8cb1-3a2dd0d05420', '7f04a0b9-31c7-486b-8276-54bdbb995f71', '8', 'ca259397-2c73-4bb5-a398-598894', '8151af4c-14b9-479d-afd0-435ae3a16b3b', 'c141921f-715b-44bb-8ae9-08ceedd28ac5', '3', '1'), ('170211534', '3c155262-43a0-41b2-ab1c-a11363d5ccbb', '03277ff9-cfa7-46ab-97ba-d4cfdd4da8d4', '518eb60e-1085-4ed6-b076-08f6af952002', '2084334369', '2075815742', 'true', '3db1f0ac-7490-4e76', 'bf2f52d3-f149-4080-985e-cae38367e14d', '0a5aea45-3d0e-4e44-93ab-6da0cd131653', '1', '4d65b1b1-9a35-47e4-adca-cea968', '0192dc6d-f97b-4c7d-9260-8b6034188701', 'd81fe471-66ef-4c78-a3b5-e356f155033b', '1', '5'), ('187943314', '0cbca5ff-7d85-471d-9db9-f113a30ccdc4', '3b0c6f97-0f11-4a03-bb8f-fe53b37bc60c', 'f871e5e9-4532-45c7-aed2-24d60056221c', '1741407703', '1088943231', 'true', '4e508bf2-800e-4d0e', 'ad0f18ef-3b4b-49e1-9475-96dce63680b9', '426f92e2-f36b-46fb-a182-4f7f4fd197b3', '8', 'ed5e6e96-5bd2-4d70-8d22-1c7f94', 'be5eff16-4593-4021-af48-b22ca459f639', 'd556d4f7-f835-486e-8901-3e1941db6eba', '1', '4'), ('238745665', '4fb61153-3eb9-4bf0-8dcd-fb099606afcf', '08021e90-a8c5-4869-945d-4781d39472ad', 'c21bae64-051e-441e-9dbf-03787ef2c29d', '1092193059', '652220532', 'true', '5e6ae373-1a9d-4c79', '14268feb-f4dd-4943-ad82-3780f1dd200e', '161e33ca-0063-47f1-b3b6-93d079adf2ad', '2', 'ac67f43b-f68b-4ae3-8d4c-9d370c', '0dea6043-3454-43b7-9319-11184cf3d820', 'df1e1177-f978-468e-b10b-3ed0b385637c', '1', '1'), ('260635807', '6bd395b4-844d-4702-824e-e6cf867fa881', '9dbddc55-3a66-40f7-8a0b-36203542d034', '697fd050-353f-4b87-9954-2b170bc64f23', '1488275791', '54876070', 'true', 'a039eda0-997e-4cc8', 'f6c81921-00dc-416b-93dc-608a4eac39d0', 'e2f41f06-0511-4de3-8dba-f4a005e2145e', '1', 'ff49398b-2b9d-46b9-bb73-6adb6f', 'aa9202a1-ab9c-4145-8ac1-fd6c6b7824a3', '04489647-33bf-406a-afa5-8e1a9240dab2', '1', '6'), ('272196898', '7875e36c-fe4c-4b90-8999-78f4c5fc0f2c', 'fce6abd0-19ac-4dcc-9e3c-c873ef855da0', '9794d4fe-1f4f-4795-9042-7f4c137e87cf', '930411607', '1720544950', 'true', 'f15fa710-1e03-4f15', '9a34c701-7fda-492f-9a73-5693ffa910a3', '6520b513-9d34-4c5e-b9ff-261e0cb5c4d0', '1', 'b31731f6-4348-4b43-941c-6967c9', '5c5e0af2-438b-496c-a999-4f1145ad3a76', 'd61a717a-af68-4c98-8f75-4657b459e8ba', '1', '5'), ('279192865', '9a1ebaaf-714b-4645-8d1e-b362e9c77e46', 'c7795a26-01cb-41a0-bbdc-3d159b990e98', 'f1464174-780d-41df-8a44-88cb73901cae', '455938684', '1276252540', 'true', '0a47ba8c-0c62-45b6', '2f678ca8-a3ae-43ad-9f54-16fee643d678', 'ee75d540-886c-4f9c-8ecc-1ab14e692bac', '1', '8fe02fec-6917-4627-9224-49de82', '1748b308-2fec-41c0-bc6d-7c0cf226d98d', 'ba0f5bab-2edc-4459-b739-ccfa89d8ab11', '5', '4'), ('304435722', '397df18e-e69f-4878-8e2e-a9718f5a4926', 'cf5aaaf1-4ab0-4d80-a721-4e67a0700883', '42b026fd-f7ee-4bdf-8f87-b46b3223414c', '345111324', '614547995', 'true', 'a8d306e9-a0fd-4bd1', '97547d63-b67e-4ba7-8398-7b494633a23c', 'edfe3ebc-1f0e-4ef4-83a2-ae1383cbbad6', '1', '78806f8b-0b64-418e-9f8e-fd6d82', '5344c19d-493a-4389-b760-401ce14d9118', '42fce4f5-b9d8-425c-a529-22f1e6054c66', '8', '7'), ('317889676', 'fb91e06c-5af5-41b7-bb37-c35a69a39876', 'c1514b03-1db5-45a7-8ea3-57964a1fc31c', '16edb7a9-3779-4f9b-b231-9774e227eef3', '195474650', '19360833', 'true', 'c7b574e0-364b-4c98', 'b1292d06-86db-4344-9274-de7b5bd81984', '6d292e5a-ee7e-451f-a914-1b05bbc8cfb0', '1', '1071d2b7-e928-49a9-acd1-956c00', '57aeb642-71a1-46da-8977-ad03bd7ad7b3', 'd9c05107-05dc-4c16-ada6-c40ccd0cbec9', '6', '3'), ('318938307', '4a614d9d-852f-47e5-adf8-c0d9b659ec90', '21b989cc-01c5-4553-92c7-c39f49a617c5', 'e76dad7c-3fd7-4ffc-918a-e32c058d0711', '1263142589', '933551625', 'true', 'ab61252f-a076-4961', '039bc636-68f9-49ff-a433-0227aed81628', '2bf0188e-98a8-4bcf-b01a-5b9479927354', '1', 'af0edec8-de26-4ed7-a584-a9bec2', '85b967fd-992e-42c9-b10c-8e6175112308', '72b6198a-28a0-4c86-908e-dfe36493d8c8', '7', '1'), ('319033828', '99203c89-2c64-43d4-9af6-608babd06331', '842dd026-53cf-4621-9528-7be1cf79ec29', '735b5f23-6121-4961-8b49-66c140bae507', '1299882916', '1474154906', 'true', 'c2934128-77f3-401e', 'e6c35de2-c914-4689-a650-438615af94f9', 'f42117d6-7b47-4b25-86ec-7a324ce92d9c', '1', '3a2cc73d-22f8-418d-bdea-b1dcef', '9796eedf-fc7e-4da9-9439-989a9330ed73', 'c288873f-06cf-4a65-b294-593f9401d387', '1', '1'), ('319336671', '65eec0ce-b641-4914-93ed-905092e2b0b3', '6ee67730-62ef-4007-b260-6c0f52c22f5d', '2647354b-bb8a-433f-9b24-836b60a45da8', '9739797', '906364447', 'true', '7ee767df-ee16-4afb', '3adba6b2-ff9b-4313-9ff5-89a391dcb369', '925b05a2-aa22-4896-a8dc-23dc32b3babd', '4', '1f3ee9f8-f5d5-4a3e-af91-1c1feb', '8e785dc2-ca55-42e0-b45b-280f43308659', '2c791e3f-9a84-4c3e-885f-e067d17b6868', '1', '2'), ('342166171', '8c5e1db5-ff0e-47fe-a8ab-fc06f7d81edd', '6c04ff77-7b0f-4f71-a4e6-96c05c776dd9', 'c43da38e-3fd0-4fcf-85a1-4acb114d5d72', '1809462572', '1620904089', 'true', '6992f206-a2b3-4223', 'ca70277c-e18a-43f4-b49a-8c137fe0acc3', 'd5f35484-f112-4f64-a1cf-9ff9d3dd4c2c', '1', '44be42e3-216b-4d39-8603-08bbd5', 'aa4cebd8-517d-4fbb-b1e9-09fc878b0625', '6e93fbdf-e736-4faa-be81-e3e01fa56d80', '1', '7'), ('371959941', 'a5445749-59d1-4913-8b86-a3e34566c9b6', 'ea290d68-b46b-4ad0-b384-ff4616b3074e', '884ab891-a41a-4780-8e81-34be2ca128b5', '2087038285', '1595793246', 'true', '9fe9a15a-a27c-4f83', '7133606d-ba5a-4620-8bf6-14028c0c34d1', '91b512f8-0fc5-4f56-9af2-2239cda4e45f', '8', '5a0379b1-7970-464b-aa9d-399b06', '81d70e31-aca9-42bc-bc5e-e6cfc262dd0a', 'eb00371b-bb8d-47cf-b1f6-40655ef0ce21', '2', '2'), ('378216679', '03b7993b-6750-4a05-a01b-02396a326ce5', '5861a8da-d90a-4761-b3fd-c246a676ce6d', '3b778ee5-b99f-431b-a934-03e8eaa403e7', '1118927301', '312121340', 'true', '6f40ab0a-126d-4deb', 'e09d0801-1d0e-4ce7-9b0d-78d291d4e923', '188e7698-fc25-4b91-99cd-b59c71fb6c16', '1', '4d1dc679-700d-473b-93f2-e55f65', '0461cd73-a7c7-4ce7-962f-cd9e001e5940', 'fb4dbd1e-faf8-414a-a8b3-c347de929bc2', '1', '1'), ('409573686', '7823cf96-d454-4a07-9bed-f5cd4a511dd4', '02baa3d1-6df7-492b-9f37-8f1a0bd904d9', '60591a73-19a8-41f8-a3d5-fcb05a6f8c65', '1500876773', '1516779156', 'true', '5f9b9184-6389-4f83', 'ac341299-2da9-4e93-bbb4-5a2f792de154', 'ccc02c01-d7c3-4ef7-821d-5a82eb70a2e2', '1', '5d7e1113-3ad4-4357-b06d-4965d7', '974ddd74-a61e-40cf-af6f-25c4ade27ba0', 'e10d6595-26d3-480d-adf8-104aa8ef9706', '1', '1'), ('423559004', 'f32ff3bf-5b52-48b1-bd20-8af69872e0ff', '20003634-da82-477b-939c-557f053ac62b', '64c79d38-d766-4c28-b0be-cffa27dda6b9', '1903283707', '2141896663', 'true', '7f323e0e-5527-45f4', 'b77d6eda-4bc1-4e8a-a441-e4c6e9f585c8', '4b3bdf5b-ae6b-471c-9951-a5bfb1a39bc4', '1', 'bc369cac-f93a-465d-b770-bc2f36', 'ca33e079-8857-4b41-b584-ede4c5f72da3', 'f03167ce-efc9-4cfc-ae52-646294a1cd22', '8', '1'), ('429213654', '14c83ba1-ef34-4a6b-ae59-954b456bafae', 'b395849d-430e-4b8d-9c8f-625c85073bc8', 'e425c1fe-e3d0-4ab4-84f0-f1fff6975ceb', '571508006', '370256634', 'true', 'ab557465-81c7-4ebe', '4ca6bcf1-3e8f-41c8-8f8a-ce6c8befdc7a', 'ade89a4e-03fd-4ef9-95f0-5cb706d5c948', '2', 'fac22561-dffb-4b51-afdd-5b04f4', 'ca313429-a526-454c-bf83-3b8d6783f5ab', 'ba400759-2cbb-412f-b504-1805f13ebe5d', '4', '1'), ('439455394', 'bceb6a81-8313-4b00-8382-72d434cfafa9', '77af3f91-d4bf-4ebd-bfb3-26c5a546ff65', 'd46dab73-4f60-477d-a140-ad7c6a812bc9', '1497207411', '377335378', 'true', '473ec032-5ebf-4ac9', '1ef7c48a-f35f-4ac4-a946-0a30bd2ac10d', 'fc6696da-7164-4a29-a7cd-d7173dc77c4e', '5', '949b0b0d-1a0b-4e66-b876-69729e', 'da540e18-6fa5-464c-86c8-c692317e3b03', '6aa5583e-ae50-42ce-b608-0a6e478c880a', '9', '5'), ('453527241', '26b66494-d3f7-40e9-9e9e-3096d68136ea', '7a7d6a3c-1bdf-48c3-965b-c640ee9a664a', '14731af6-20e6-4cbf-ac3a-38b50b84232b', '714306914', '36433374', 'true', '568bc549-3fa7-403d', '4bcebae1-5996-4e5f-a9b9-56fee2d84ead', '3ce7ff97-fd73-49a2-a8a1-e15f97a8e018', '5', 'c8859204-9027-4715-b31f-48ec03', 'a32cab31-18c0-4579-a0b6-e443c0ae6de5', '27cda3c5-35b2-48b4-80db-6550d06c8224', '5', '2'), ('468879501', '881ed08e-0b1f-4217-b5a6-3b21dcea9e66', '4440b320-173f-4640-b9fe-4c20e78702b2', '86dd5390-07e3-46db-82bc-9987b1e5bff0', '1333698695', '578446940', 'true', 'feb4271a-39f2-4e9a', '8ea05856-04b4-4848-9d5e-9b36d846af7d', '7b89abca-b72c-4e1f-a807-17df4e8fe67f', '7', '59886915-007f-4334-9d6e-380845', '15e01cd1-c117-4a6c-b0da-bc5430c0305d', 'fdf3d411-598c-4f46-afc9-4e787dca8d52', '1', '1'), ('472920442', '3d80aab9-f779-4830-ae96-b0bd79064327', 'e566de8a-cd88-476a-88d0-68c8be449edf', '7d3718ca-b44f-434b-9572-36955ee8351b', '1758092450', '1885921621', 'true', '9ee13b2a-a1f2-42cc', '1a25deac-bc67-484c-a5c7-b496aeefb91c', 'cc62ecdc-9989-412a-b6a0-fbf1db7cced3', '1', '9d5ad8a4-5d96-4971-861e-905711', '0e3fd219-53c2-4148-8976-f5194a03aae3', 'c4139608-3f4d-4574-a97c-6cc185e69a81', '1', '1'), ('516880669', 'e5c9b319-403a-4b3a-a4f1-8a4064315f35', '3dcb21a4-8d82-4366-8bae-5f3b5ea1da3f', '7c897150-8a5e-4f38-84d0-194b8cc45aeb', '620882322', '490861258', 'true', 'd6a88372-4582-4690', '9b8026bb-46f1-4adb-b964-887161527f52', '1e3d212f-b50f-4f28-b921-b0e47d7fee8a', '1', '45d3c29a-df02-4d7f-b16a-7fa8b0', 'cd55f137-e8ec-4e99-8b32-7f1b0bf41b98', '99def83d-ade2-4ad4-b368-bba417a63f1d', '5', '1'), ('542410216', '3106d18a-f57b-4387-ab27-85f04bd776a6', 'd3b14db3-ed22-438a-ad37-f7d23688bdf7', '434d9245-ecf6-458c-900e-ebedcf3dc704', '1757741079', '41644769', 'true', '0cdeff17-3c20-4287', '2dc5e051-940f-44fa-a0c3-d9b4027c168b', 'e31c9e0a-98ad-45f3-b5a7-274f4fed0ceb', '1', '74b76441-4750-448f-910a-7bbaf2', 'a35f9ef4-92a4-4f5d-8000-27868438f05f', '0b331894-48b8-46de-9fff-38095156cd81', '1', '3'), ('602769449', '3ed99c7d-b3e9-49a6-8900-3bd26bf9838c', 'deff33fe-2901-42f4-9bc1-b192ffa98178', '6a7d4bf2-35e8-43d3-b324-c585eac0243a', '1018615141', '1296349190', 'true', '4b3e4e40-1e55-4ad2', 'dc09ac68-4c72-4035-97a9-9a5a80c55e46', '2fabb8a5-10cb-4030-92c9-614ba1350b02', '1', '9f7c1da3-63f7-4f21-810c-815b29', 'cc2bc27b-aab8-4e09-9d6e-4bf9a13c650c', '8375962e-6096-45c1-8ffc-248b2dfbcae1', '1', '4'), ('708609009', '5a09ff6a-49d4-48c3-adc7-28db6e2e75ff', '07b82b1e-0ac1-4b0e-bf3d-417bf566d5b3', '8f7c1c2e-99eb-46f8-8ca2-d0c21d9dd3fa', '1171843703', '1982147169', 'true', '1cab7664-5bda-4dd0', '33364b38-c311-4642-ba13-c1ea22d83248', 'ef491b76-cc0c-4bad-9be4-5843bf3f8a86', '8', 'a2bf2ecb-d003-4182-b654-e61ebb', 'fca87cac-a1f4-4cf5-a2e8-9372ba4a1292', '9f3be1eb-cf52-4549-aa24-5ed681068512', '2', '6'), ('755988044', 'cc7abff3-1192-4f15-83a1-cf2f75e43dc9', 'fe3a0202-59a2-4901-b0cf-09b62297d8b8', '9c61a7f1-968b-4b88-b34b-a71436d5aa4b', '1948526162', '124731021', 'true', '64969c5e-4d7a-4e90', '06e61b4f-8a65-4476-bb93-6a6999a87a9f', '286b9730-4aa2-4534-bdb5-be5f51807257', '1', '4fd47de0-470b-4082-bc27-c3e27b', '9ee1f5c2-e50e-484b-ad51-b6bc360b7954', '0e61df12-31a0-4b37-b177-0118c7cdaa37', '1', '8'), ('807342971', '57f061e9-780a-442a-b435-70d865067cbe', '60a3f59a-2abc-45c5-89eb-c2ad20ae4565', '4948f558-8efa-4f03-99ac-c6e5f3473c5f', '133735497', '1171165845', 'true', '5c22a4ba-b40e-47f3', '7b50ddc2-b73d-4cd7-a730-1aa69f385e50', '8eb94331-5a23-48f4-9bee-cc53ddd7eb76', '7', '3880d685-beaa-4514-ad9b-620147', '5487c9bd-cfa8-4769-9b94-663e50074fe3', '379d9c32-65f2-4951-bb3b-7db9a1d556a3', '1', '1'), ('808182757', 'ddef34e6-3fe1-45ef-a5d8-72d63dee65a6', '0c0d7c21-ef24-4571-9ce4-a6d396e8a322', '02013924-7838-471b-92de-9960f8e5e10c', '1015510164', '644263681', 'true', 'f72c25ef-d14a-4f14', '100f0d78-f6af-46e0-a676-ff6e036753ba', '14028522-3834-48f4-a2f3-a868510115e4', '7', '07b3cdc1-ab6a-4b70-b4a7-78a32b', '4704afed-ffa1-4ef6-b8b9-7ff9aecaf049', '388b6d4b-3258-42ff-99d9-27ff1cc693c9', '3', '1'), ('814920526', '3d60b31e-39fa-4dd6-a9cd-5aa176e20ad4', '23fefaa5-2e6b-455f-83a1-0e212fa0ed33', '158aadff-255e-4311-ae8e-424c832702d1', '1635803432', '1282580179', 'true', '94d5f92a-552a-4c1b', 'fb76fd4f-6eae-4b8e-8ff5-758a01b9cfe1', 'c0fd67fc-9c29-49b9-b160-eabe2a1b742c', '8', 'a9c80f9e-957c-4ba9-9740-0d01e1', 'ea46ab93-efb2-44eb-823d-e047d92ed2d0', 'd7762303-7529-47a1-899f-83c1d5fce1f2', '1', '1'), ('834651224', '10b93c7f-85bb-4e01-8567-853c44780420', '11c23649-09a4-479d-8e29-7c3bb88c7e91', 'c6d8c220-99c2-47fe-946c-750579bfa0f4', '644971325', '1620888814', 'true', '27faa9f1-9d3d-4bc6', '5e9ef4c7-c1ce-42f4-affe-7caee5406f62', '8b3535eb-8912-4379-b6b5-e92cc8691dd4', '8', '2566b8a8-fdb7-460e-a31e-2368a1', 'a6e57a90-240b-420c-b3d6-8b253c72e9e0', 'ec32aaac-4b49-46ad-8ad3-2ee2a9f35715', '9', '1'), ('870013168', '95d69f36-123b-417e-b533-8c6635bbb83c', '1b164ce0-ed2c-4672-b179-a6c9bae9cab3', '4baeac3a-897c-4b90-8f54-c75782356927', '2037148659', '1507601590', 'true', '9a002b2b-33bb-48a7', '0291003f-ae18-4e47-b557-e1a3f9ad5300', '31b21563-0b41-4b42-91c4-de74c7cc3c7a', '1', '24d264cb-f601-441d-9dc5-42db68', '4c24eb14-9ae9-4e52-a8e0-09570cb16d8d', '0f60c6c7-8f80-409e-b7b9-220ccab3626d', '2', '5'), ('871427221', 'c0db3bad-00d8-4e83-8750-1214b0262840', 'cad5409b-7875-4d42-b77a-74ce12a8f7e9', 'bc2a3f42-a151-4d45-932e-e5c4b9436ac4', '1780079878', '1870105934', 'true', '798039b3-4860-4072', '3f0e766c-3239-46e8-bd97-3ed9ec92f47e', '06c5805e-805c-4171-8448-e774f05b49b5', '3', '6a5c2209-34c4-4de8-ada3-c54c13', 'a762d94d-f011-4d50-aa5c-170b608bcd70', '173e6664-d28c-4c2b-ae2c-fbeb1e226ebb', '1', '1'), ('899999095', '386e9e57-8b3f-4e4c-a1ab-284179d74fb7', '0a0a4762-3612-46f2-b586-ee1687a50cd2', '20b61c77-33e5-4131-85f5-f169f64373db', '1209306291', '153282928', 'true', '1f7a6f9a-17c1-4e12', '0c8887f4-4a28-4fee-a23e-5e1b756fe29a', '7a6c0545-48c3-4a46-b73f-aba203a4c220', '7', '0edbd3f1-e13a-43d8-bda8-e9c0fa', '3730f55c-286f-43df-8976-53c0fb549818', 'a378c4b7-661b-4aac-9fe1-bd21a0d25acd', '1', '1'), ('904746834', 'b03b13a7-96a3-4bbf-912e-046892bc89df', '65a3fffc-f3bc-4544-b20c-672fe9c84609', '225ed4d9-e7be-4876-af0a-ff5d56b77027', '1246580935', '80714896', 'true', 'e54a3205-4e4a-40eb', '1d5a13e7-10be-4b3d-8423-0e569f5966f9', 'b9f19bb0-4ede-4c02-a444-36ab6e56bc4d', '1', '4bcff054-8640-4fc3-b79e-944aa2', '8a029e04-8437-4b35-9966-6c85c6ef33f9', '77b51a2b-4790-4b55-b3d4-201e8ccee9f1', '1', '1'), ('933749692', '65baa87a-6a8c-47f0-8836-963b67de9511', '9dc9cc4c-9e42-4619-988a-3010f8fcb1c3', 'b5e223de-b65b-46eb-a48a-ee7e3016a475', '627166191', '1023169311', 'true', '404b6999-c2a3-419b', 'cdd2006e-ac4d-48bc-9a79-03c3f55f5bc5', '04a8cc1d-2401-4c0b-9c4b-614de2171fd8', '1', 'a7f29de9-ce1a-4a79-8af2-2faf19', '2482c5e4-8792-44d8-9d68-d118bad3f479', '82c8caa5-b210-40e4-b7fc-ed8ee6ccd50e', '3', '2'), ('936035955', '02db1094-6922-4c7f-aaf6-899b41e795ce', 'bf729a19-d2d2-456e-a3c7-5188031725f5', 'eb8bf74a-f0a3-4678-a5fe-b78996a4712c', '406769742', '810381048', 'true', '21011154-0067-4de7', '65c19c32-83d5-4846-8c18-637c0fb1e58e', '641aff26-731b-4134-855c-9c244a618f63', '7', '54d297cc-8583-4f06-bbf7-45e98a', 'd8f70f2e-a782-4fd0-8c9f-481ab5b5da06', '29968633-2aab-42a3-8197-1c34ac80390a', '1', '9'), ('945106456', '55cfb946-2275-4f90-ae98-045db8580fc8', 'cf879b69-1ed9-45ef-b982-58b62ddda3b8', '7bf84315-c88c-47d1-bc10-7e48dced618f', '1395597571', '1812441449', 'true', '4da7ae06-12c8-4917', 'b7252326-5d8c-4a69-91b5-1303b5b959ca', '589807ed-70be-4fa6-92d8-4d95bffbe365', '5', '16dc1483-3d13-4efd-870b-da7f87', '20a844cc-08a9-4eee-bf46-98a6bdaafd36', 'e37898f0-9869-40e9-906e-42d50a791267', '1', '5'), ('996232584', 'b92b6209-6b58-41f6-97ed-12ae3729a258', '0284047d-933c-458a-a379-d2ec62fcc649', '5cbd0f4a-5bad-40aa-96bb-6835d692df8a', '222943261', '610886758', 'true', 'a0d9bc96-5ca3-4b8f', '67cb6e58-1ea4-414f-9aac-100e28479559', 'c0ec4b06-4a27-408b-8521-0ed5ed86b56c', '1', '5315c60a-6af7-4e5f-b96c-b00b38', '3dc8a76e-63d4-4773-bad3-8c41cffdde82', '91bb140d-27e1-497a-b4d3-1eeeeed16db1', '4', '7'), ('1004118168', '05011b26-f65c-464b-ad90-0abb257427f9', '81f4be64-817a-4778-b4e1-76a22af75ece', 'da83167d-2c50-4bc4-951d-c0b3ff9e173e', '1253227459', '1213862790', 'true', 'e81ac83e-0fe4-495b', '021fa3fc-e929-4cf8-a2f6-62ae5382eb0b', 'f0152043-6d00-441e-b9ed-9834aaffecec', '1', '75361303-2519-4443-b9d4-a48412', '7ef7ce13-c1e2-4ed2-b094-a10806aa5e97', '85fd91df-2ac5-411d-acfc-ca844a3d17e4', '3', '4'), ('1024460395', 'bd40bf39-b38d-4c03-907e-ea0959acd05d', 'f16a3486-7efa-4afa-96e7-39851faf1fba', '2defa7c4-5969-4a43-bf17-1780a5b29db6', '1718899998', '1397342817', 'true', '796c4625-91bb-441c', '327196ed-8789-4aaf-aa94-a81ea54f816c', 'e4884076-2e70-4b70-8388-8e06bd3adc1d', '4', 'bbb99cf7-418d-4c97-af2c-f10475', 'f7106355-8bd9-4c4d-a22d-0033951bd698', '32b1fe97-93b4-4436-a56c-436edd545e6d', '1', '3'), ('1042684007', 'ea2a04e1-0a2c-4046-b7fb-2e5b990a2bad', '5ec9446c-8bda-427c-bd9f-ac84b93713f7', 'd69d2659-49df-4b75-a44e-631eaa1ddb08', '1640793598', '524588936', 'true', '115a7707-4fec-4918', '4d9b83ea-2361-4eb7-b445-ca461953d366', 'ac66fb5f-006b-4c87-ac30-5840f64e228a', '1', 'c01a3983-d572-4c29-98da-06f0b4', '7e2c5a9a-a0d7-482a-949e-32aa7cb39ef6', '6fd8acbf-c7b4-456b-b1a2-1166083f83c5', '2', '4'), ('1046526009', '1ff0a3b0-f28d-42d0-af70-676bba2dc611', 'f335b2de-1ac8-4fbf-b2c1-70722e7d4627', 'ad504161-ce4a-4e88-8a9e-231514da5e48', '251518345', '1396924719', 'true', '627d3cc4-2a7a-4b9d', '1cae93cc-dc4e-4e24-83b5-59f66bcdf844', '33b7785b-9a6e-4270-9e52-45245f3a77b6', '1', '725caf35-22b6-4c77-82e1-cfa567', '60f36916-aa63-49ce-b0c5-02da320770ea', 'a1bd04d5-c1ea-478e-9195-68edb1a67659', '7', '1'), ('1052573713', '3b280b38-f1f2-468f-b3df-af72c3e13bb5', '539a6219-44f6-4b4a-b2c0-a55a0a97831a', '17ecffc1-ce41-4f33-b1ab-f62b211c60f1', '885368395', '1493230901', 'true', '570a8f2c-165a-4be0', '4119a689-d56a-497e-8a9b-85bdbcc33769', 'f583cf65-cc2f-461e-9187-fd9348a91074', '9', '76614168-d1a9-4504-9afe-1224c9', '5f020527-9f59-4d2a-9799-977cf705f7f4', '523d7fd1-22f8-4ad2-b453-2829b6014cbb', '1', '1'), ('1058381309', '4a3a5553-d83e-426f-8e71-86853f83952e', 'a985c4f9-62f8-446f-b2ce-c2ba727bcbad', '281f12af-bb3a-452c-a15e-9c9d21ed842e', '1249605892', '60171371', 'true', '14cc8200-19b6-458e', '835c3173-fe13-45c1-93f7-acec258e564f', 'b6ae0123-592d-4988-a84f-a949269f110e', '1', '109d5ec7-8228-4119-b53d-88b720', '39b2de9e-4215-4bab-879e-f75b42847777', '719ba1a9-4e38-4135-8d52-f0402a61e079', '8', '1'), ('1065965392', '7cee1547-2e08-4cf5-a313-5f0ce315d5e1', '882a5a4d-f125-46f0-bc64-2e614e6cce5b', '1b8c34ed-51b0-48d6-a789-a7c25bebf50d', '1233068349', '1063520533', 'true', 'c05fbfc1-f5ab-4bdb', 'df69ede6-4274-4256-b689-b0051b5de7e4', '574aa5a5-8e37-48b7-97a9-7870bc3c25b6', '1', '3dcd1dee-18e2-4506-bab1-8adebb', '644951f8-fade-4fe8-9e39-f4f16d559057', '34f6fe5c-a39b-435a-93cf-643af807731e', '4', '9'), ('1080302472', 'da93d646-2fdd-47f2-a864-922ebc4c7536', '58295e5d-d88d-411d-a2da-2a3ee0723d13', 'a3dd7fa0-79f3-457c-ae7c-dad237b8ef3a', '1799760319', '1282211622', 'true', 'ed5bc1a5-e646-4519', 'df9a7199-1fdc-464f-887c-951bd1db296e', 'd7118990-3d1e-4942-a85e-a992c3fa6d2b', '5', '68df4cf9-b431-4137-84ad-614fbd', '81b53240-3e49-4cdf-b205-5f7e157c53dd', '021493bd-7f4e-4f33-81ba-832b98c84a13', '1', '1'), ('1088465193', 'b11e2d5b-c0d0-4697-a842-6aef7832b205', '3211892b-1e5e-455b-bedf-8c40c0f02a9f', 'c9df5250-1027-4d59-b2b0-b627b479c0c1', '747687038', '1867481447', 'true', 'b0bcd505-297e-4650', '2f99e82f-f16b-4dde-951f-ddf362913b07', 'b005f75c-389d-41a8-ae78-e07b4ac3c70d', '1', '2fcce978-516f-454b-ae37-fcc477', '9ccf574b-db19-4bc1-bfce-2dde31d6139f', 'd7ea9bf4-0597-4b29-a590-d73e2c7de478', '1', '1'), ('1104758145', 'bc284cd5-da4c-40b0-88dd-8a64f265c656', 'afe32fa6-4246-452a-8b6a-cdc799d5c003', '69faaed6-e260-403a-8372-733bf33bd175', '1992321222', '1652218744', 'true', '749e19ba-1649-482b', 'd7f26e43-bf50-4edd-952c-4ada317166d8', '94a11ab5-6d86-44cd-8f01-3c807c38f84a', '9', 'b111dbc1-1852-4f2f-a318-995c67', '92a5d456-6499-440a-a533-ddc73cb75ca0', 'c2e4894c-2fbc-43ca-a0ab-1b655b78b11c', '1', '1'), ('1114880187', '20876b9d-cc8f-4f69-a029-f30d96b0c311', '680c8872-2729-4e2c-9069-b4f6d0c6172f', '2da955b7-8396-4fd7-9c07-2707acf140e5', '976998176', '1140314270', 'true', '93a91f62-f777-4a7b', '140cc98f-33c8-4005-843a-465ef4f75b71', 'de15ad8b-2b00-427a-a42c-2dfafb3a7ade', '5', '99b24154-2640-4eaa-9dc6-f25de8', '9d669cf2-9a9a-418e-a44a-232c782e4969', 'abbd606c-b64d-4924-a9f2-a051899972d0', '1', '5'), ('1119457885', '2e6dcca7-2a59-4fab-8978-3eb498fec24f', '77c0cea5-0c0b-47dd-894a-ae2c22488f91', '086dd3fa-ec2c-4e32-983e-54ce90f403ba', '291169301', '1701149566', 'true', '26496bff-8a9a-4068', '91df1867-b2c6-47d6-878d-a49b4b944990', '50ba5668-214e-4ad7-8a78-31acbe4774d5', '1', 'a4c74fa1-7ccf-4dd0-803d-cabbb0', 'ee055e1d-d6de-4e26-861a-c2a2a5981839', 'fdf503d1-7465-477b-9952-5ad60a8e963b', '1', '7'), ('1183370627', '089a3c0d-29cc-4d68-84a2-6c6d3ee6c2b3', 'b4ec6b85-474d-4113-861a-2bea962d7181', 'e08a5050-d71d-4039-ba00-9bfc341a0de1', '1893092096', '293745614', 'true', '91b1a2c7-c2bb-4cda', '2b6e1e67-098d-4bac-bd55-b11591eadde8', '64f3e51d-00d8-412f-9bab-f15ffbf248e2', '2', 'ee8cd203-7fa8-4452-8059-c09372', '37983371-062b-40d1-95f3-9484e773430b', '27443cd8-9e79-4ef5-98ab-ff3f5df1f134', '2', '2'), ('1188053003', '0e19a076-39aa-4ca7-a6c6-cbfafbbeab2d', '93c9bd1b-fffd-49fc-98f0-1dc59f7abf90', '84b45fe4-def3-4dc2-bdf8-c2cdfa43da81', '1694998941', '86455499', 'true', 'aa77374a-f4d3-4d31', 'e1e9acf3-ba0d-49a6-ba43-00c9891b1776', '29073c40-55cf-4535-97ad-cb6490feb3ad', '5', 'f314dc90-0665-4384-b731-48787d', '7e0b3091-c370-4149-94cf-7f0f45aafeea', 'd8d0148f-6592-4573-a95b-48573f68eeaf', '2', '1'), ('1197564146', 'b2f9db72-e912-461c-8063-279b2ff230a7', '54e067b2-930b-44b5-a68f-9ff13bd10d0e', '21155ca6-89f1-42b4-b5df-1707efb9a0d6', '1808483199', '1132488534', 'true', '12632d3a-3c6b-46dc', '9d055ae0-4337-4905-a610-068b8416f5a8', 'dd81582d-6ea5-454f-9b14-3119dfaa787e', '1', '3ec4957c-8f77-43a3-aead-4c1c72', 'bdffe35b-ec05-4d52-a4b4-4cdda7df11de', '3db9a260-73af-4003-ae04-a1b30d20993d', '8', '7'), ('1197923654', 'f5010400-aa6f-4bd5-8a84-18ff002d34b6', '9d80ae36-cf6f-4355-a174-8e8d696eecb3', 'dca8d218-3e5a-4e0a-8d9d-785d1909d8b6', '1245683561', '2061091336', 'true', '46f6d9e6-5f3c-446c', 'b966f1de-81a2-4999-a206-5c973dbda3ef', 'a64b576c-08d8-4dad-820b-ed0f54a76ec9', '2', 'd04d8d49-5b37-47a8-90e6-cf1257', '6da13a42-e216-4a8f-9e95-990484cd4777', '31c0387b-655d-4e8d-b585-e6beeb04fec9', '1', '1'), ('1211252807', '54b2af6d-ee33-4daf-9c76-5ad0eb548ed7', 'c9972c24-4818-44c3-b904-8e26b46cb2a1', '398b0f51-665c-46a3-a376-6efd34e5d4ce', '1974596600', '482959389', 'true', 'a0dfc85b-67ad-4dbc', '827fea19-7142-4e46-846b-011200ae577d', 'faabfeda-3dab-4929-ada3-326a40fc06b3', '7', 'a5cfc743-c42a-4653-b7f9-87d718', '2cfa53cf-bc02-4921-a404-d70986a46285', '8ce5eb9e-6588-421a-bd83-8e51e4216a10', '8', '1'), ('1247761622', 'f6f7c5be-b010-45ea-88b4-f052f4bc75f7', 'fef13ff5-3f5c-4ebc-b8a4-4b96a9ec5d8b', '061ae6df-3338-4146-a02a-39c1e12d31d4', '1974339525', '1561258997', 'true', 'cfcaf009-5797-48e9', 'b3d58523-9c08-45a3-b805-3cc851e9e931', '336c3989-3e8f-4496-8741-2ec43b84b5b6', '3', '634d519d-fc5c-4861-8b7f-b7c79a', 'b13fe959-cc5f-4da6-adaa-fe6b45f0d8d3', 'e2e1596a-3224-458e-be9b-40c0763a7895', '2', '8'), ('1271038880', '89db00ad-7b29-48c9-b093-c114e9197028', '52be8482-e25f-4684-82f6-5ecf1d25cd22', '55c8e1b1-c817-4682-a577-3773df226402', '1449933602', '2045455092', 'true', '041a0d29-c831-4d21', '6640fb84-1323-4c29-ba4d-b8875abd85d9', '3cf060e5-3c1a-4a6c-8cf0-3a4bb7350575', '3', '661b9d21-44e7-478d-bdff-a0c017', 'ea01a3eb-f3f3-45f0-9b59-8d7681f3d897', '7dda6c4c-8755-412d-9730-f435c7c14d93', '3', '1'), ('1305236165', '638c847a-4511-477f-98ef-406d028917d8', '4d132dcc-454c-4cb5-9aaf-73f06fee8a70', '6c18d0f6-07ba-4394-ae19-c1b54a470998', '410622921', '387673931', 'true', '719e1365-c9bd-4676', 'c9468747-9677-4282-ad74-583e9fcc2300', '9d5f3846-737d-4922-9241-0f423a7825ca', '8', '4c2bb528-1146-4b61-9636-c56733', 'ae61abb3-fdd9-4a6c-b38b-3a1f1c28ad22', 'dc976836-081c-46dc-8f09-bdb00a714fd0', '6', '1'), ('1308467512', '45d8f03a-80a6-4df1-844f-340489bc9d2f', 'dd633eae-375c-46f5-b464-1e7fbb45afef', '16b457ee-c986-486c-be80-c0fd5df13684', '1012210905', '1165261037', 'true', '8459876c-9f32-451c', '305e4d1a-d1b8-4f06-a322-c00bcfcce34a', 'dc0fbe13-e6dd-49e3-9361-cb5995e56e18', '9', 'f39183c7-2c17-44e5-80a0-31f252', 'abd1e98c-c90f-4a6f-8f18-9c0df9a01d29', '2363b8fa-5e41-46a1-a578-18ab21b58ae3', '1', '3'), ('1322288035', '4434f098-0ffe-4cc4-bf3f-aeb785bae918', 'b86e42d3-1547-4734-8598-b1ba3b3c6214', '3859774b-0ed3-40cf-94c8-2eef671b72dd', '1480800045', '1426661373', 'true', '625036f8-9728-4473', '839feaef-778f-433f-85ff-ddbbbb6193f9', 'd624c71d-85f4-4ff0-b75d-aa625088a093', '6', 'efae90fc-37b7-458f-8457-056d99', '776d886f-522d-48c8-b4d2-106c46e3bfff', '5423d989-ebf1-4373-a1f7-a510932823a1', '1', '7'), ('1348854079', '34ea92f6-c799-4b1b-b1fc-bc1b5b6cd20a', '6af35031-4d34-4615-99e6-6de8e0d810ce', 'e3e1b136-e73a-4357-a405-42374b155e80', '566175276', '879703767', 'true', '01d76428-a69f-41e3', '840af7ca-cd55-4cda-8c0e-0bb7cbffeefd', 'ecc88fde-9f44-4fec-bb03-d8f4e665bfea', '1', '5fd66fd1-8fb5-4471-8a98-14b1c8', 'd7b21e67-0ba3-47cf-83d7-de42c524d9a8', '0aa3b9fe-2f5d-46e3-a0f0-350a7f7a82b6', '1', '6'), ('1363989190', '65930be0-ebc0-407d-8f53-34524c0f5d00', '9f0728c1-0b86-4374-b71f-8126585035f8', '66c16092-238e-4a97-8701-d530b1cf850a', '699342596', '1424639084', 'true', '1763d3cd-e5c7-4856', 'a782bc41-247f-4f8a-b405-2d9df70cb293', 'da2270ca-4620-4577-87b4-c787c12022d5', '7', 'ddbb49f6-26fe-4f2c-868d-407bca', '5029ac3d-5f5a-47e7-8d1a-dc637e79cb1e', '8e57e2d1-a0eb-4099-ae52-1641a2c80635', '2', '2'), ('1366768502', '588bcd87-6be9-4a6d-96ce-22395fc3971d', '27e2b03d-45d0-4782-bb7c-4c4735d1f35a', 'ff5d1329-0d9f-41b2-92f3-65c549ea5ea8', '2060222853', '949282894', 'true', 'c2ece153-3981-407c', '841a258d-2b85-4ce7-8ab8-3fdf585dcc26', '887dff8d-0c94-4426-851e-4dd5b044f6b1', '1', '45ccb065-8986-4a04-b12f-674185', 'cb3c5623-6457-4dd8-b635-0697753720dd', '72b37d2c-a36a-42d3-95db-bb458297ed92', '3', '1'), ('1367418722', '21da1c53-fe29-4533-90a5-794b65504064', 'a8eb51ac-63ae-48be-9daa-23aa4c28a9fe', '802c9468-0439-4652-a978-9ac2732d9c25', '1092868783', '1228900021', 'true', '386bb7d8-0dc0-4f29', 'b36a0b87-b186-4091-9402-f001e78cbbba', 'fca3d578-b6be-41b8-a9b5-a199933a0c97', '2', 'aba60503-73b4-4449-bb0a-9f95f6', '2d559e39-1bac-4a73-9d17-69972cf5bb5e', '072b8223-face-4a40-9ca3-9e28b8b812f1', '7', '1'), ('1450897302', '795854fa-ecaf-4a42-b6f0-edf7d41808f5', '4762b7df-5da1-49fc-90b7-aae27113afd5', '2abfbafd-60ba-4390-9cff-3825cc3d28da', '1438902112', '1674436111', 'true', '72990a68-1679-4621', '086ff33b-81f6-4766-9fea-a75154b436dd', '27e9dd9e-e415-4016-a00b-d6e37c4c6798', '8', '0910bd6d-a9dd-4cfc-9654-0d86ab', '391dddf4-e059-4f51-ac24-e9125feec074', '50e43eda-ea85-4783-8dbc-a767a0d0e7df', '5', '1'), ('1454672746', '69b631b5-22cb-4837-b23b-cde36f8644a4', 'f63f933f-6717-43eb-bbfb-528e77cda130', '3e658310-a360-4840-a5c8-15a1b85ac54d', '762684178', '1060858737', 'true', '87e906bf-cc42-44df', '207a7398-940b-4fdc-8bc0-b239fe4f4ad8', 'f12c5a15-ecba-4c2c-b358-27db7d78332a', '9', 'f44fe79b-10ea-4420-ba90-56e1c0', '53c593f1-1670-40d6-b034-e53eae0adfbb', '71fd6f09-e581-492d-b9f2-4a88a0dc5a3e', '2', '2'), ('1464548646', '8ff31213-7ac0-4cfe-b72d-c35766eae538', '055c9ba2-4c50-4325-93cd-449aa20c127a', '29b172c1-33d3-4a62-be17-6073d3f065e5', '958264572', '1399534094', 'true', 'd9936643-cee1-49d3', '2e7ba59d-4c33-47c7-bd53-e09d55cd396a', '463a74f5-6bd6-4c22-9bf2-45267a9378eb', '1', '511a41fe-df79-4285-a484-02d5e6', '77e471f4-c392-4a95-a3a8-6f2dcda774c8', '6cb0c379-9c0f-4440-9f6a-2b9673f9b485', '3', '2'), ('1497062169', 'e37a234a-ca4d-4e21-ba0c-be733dc220a4', '05d57a9a-df51-424a-8d5c-2f9b3f0a47e3', 'e0e3cc7d-051f-40e9-ba26-3af1a393a760', '957324898', '309414983', 'true', 'dbbbee03-26d2-4529', '74233891-846c-4991-9f04-380a6a04bc67', '753574b1-1302-4d65-af0d-534b9b54a687', '1', '7f601b1f-0a04-4041-85ab-1bfb15', 'a5604bf0-9781-495b-ae52-56af4fbc19b2', '382275ec-7b43-4aab-980d-acf328a97d45', '1', '6'), ('1556211471', '78cbf996-2371-40cf-87ac-4f30d39200a8', '6ff7fbed-4390-45d5-9679-3822b17ee4d0', 'e2d7b1d2-a84a-4019-b856-7849aa1c17c1', '1345050852', '779633776', 'true', '3d9c4a28-c989-447d', 'b0c82cc1-5144-460b-8c4b-34e56e8b46c5', 'de7d237d-e8d7-4cde-989f-a81c37202861', '1', '29935327-b881-4efb-a510-1fa2f7', '6de720d9-7f10-46b3-9f17-37de6c5116bd', '84debe12-ccbc-4e2e-b05e-c18e19036655', '1', '1'), ('1611914462', 'fd9754b4-af59-4fe4-9871-47849603a932', '968a8d13-b2ac-49fc-9faf-266e3b87c533', '7d4c7f97-9d1d-4077-82c1-1116154e8a4b', '1193378947', '2117064776', 'true', '520e63d8-cf51-4fcf', '95d689ac-7dde-4ba7-bd7f-9f23eea20ee7', '13d31b4d-0e9b-4c39-9083-df5e003f1ddc', '5', '838c61b4-5bb9-4fd8-a9bd-d58ee3', '779f8ad5-7616-4a9d-8825-76c0b5627bc2', '01981f20-f062-4231-8abb-d40cacf489de', '5', '3'), ('1652413650', '07ffc6b8-5b3f-4742-8efe-dd1ebb4c8071', 'ea10d248-61ab-4e35-bcfb-e6d48b811054', 'dc4a504a-d57e-4dcd-9185-17c4c7ffa4b9', '61739900', '1864699401', 'true', 'f2ad632f-16f8-4d8e', '97f8bd28-91c9-41e6-ae89-8c0ea27402bb', '2a077e6a-452f-4172-aec4-1d55db0d07b5', '5', '1b3bdadf-1372-4079-b4ec-a943ae', 'ec33ad1c-b8fa-4f64-865c-085ff63b0f2a', '48eb76df-001e-4c5d-a5b7-18b1cbb3c8ca', '1', '7'), ('1654645016', '582be519-59cb-46c6-9796-754fb2678fde', 'ccb4be6f-bc33-44bd-88b7-c1d9aa8b3639', 'b11d9d07-e049-4b28-b6f6-07024dcd9233', '1066581524', '351789965', 'true', '145e2829-10df-4135', '8af58071-218b-4fbd-95d3-df028246792a', '209c6c7f-6b78-4886-9b32-db0d0c1efe40', '1', '8f5584ba-bd66-429b-a0b9-48961b', '03fff702-aa6c-4fe5-9e4c-30e884089c50', 'd15fc649-31bb-487e-8652-492cbf6dd20d', '2', '7'), ('1662105372', 'd2a97b6d-36ff-475f-af09-d3d6fd7d24e6', '9a3594d2-56c6-44d9-95d1-eb87dfc55f2b', 'efa79a8c-88f1-4de6-9c8c-c2be961c0967', '1029566757', '1910232266', 'true', 'd6616d91-9ca4-46ec', '60cd277a-a83a-4f58-8e10-20962cba4055', '287d42dc-cade-45a9-8439-259a73371fb2', '7', 'e22280c8-9746-49f1-b4d6-ad33a9', 'fa5d0710-291a-4d32-8c86-884073d21653', '903a57ce-4d88-4b1e-9002-1dacb746ae5a', '3', '7'), ('1671023864', '04ec1e6a-64bb-4dd2-a88b-6deab32caf04', '3f006bf2-5262-4ba2-a39d-3fb2b41b6abd', 'd313c5d0-1ee4-4bdb-8dd2-b636ec3e2eff', '1757309905', '388678546', 'true', '10c6023e-9562-4b41', '3d616da2-5c38-4ea4-9a5d-badd48dc5e57', 'e8c51ab2-6b41-497b-991a-130abbc9b08f', '1', 'd4e40151-0186-4821-8362-e268c0', 'd22cd1da-6403-447c-acff-ac5c5eaf76a0', 'b3b714c3-08e4-4142-b4f3-5829e30f6f20', '1', '8'), ('1696722139', '486617c0-3549-4875-9372-24b2adeb00ef', '73b069d5-e03b-43cd-81ad-a1da9268b0ad', '8648b2d2-3117-4af7-a65c-b2eb050b8f32', '1398704532', '457621229', 'true', 'cc6fd6bb-601e-4199', '6ba8ab4e-caa6-4dcd-8ee8-d1ccee29b7b9', 'ef3e1da5-679f-452d-92a8-d55936cb1183', '1', '3247e606-9e2b-4a11-ace2-55820f', 'a68583c0-f30d-47c4-aefd-9747c2ab823e', 'ba98dcc2-a220-4ae8-90e7-664c079722f7', '1', '5'), ('1725056633', '5303c837-2e6a-46f1-96c0-946c38294f15', '96cdfb62-0bdf-4bf3-bc2b-317988113c31', '765a953f-2ad7-49fb-a808-02272a20a8ec', '1968356968', '1671877238', 'true', '69b5a981-aebb-44f9', '99133f55-0f00-4b4d-ae81-0ccb1e5f22e3', '84b65bac-1dbf-4931-befb-8bf274af90a5', '5', '2d49f09a-8697-489a-93d0-3a37b5', 'ca8153a5-be7d-412f-a9e0-9dc19097b21d', 'e6b34ef8-6039-4ee9-9706-40d55721341d', '8', '1'), ('1730436054', 'ce964a03-a3ae-49a9-95cd-9efbde2041a1', 'c92360c9-911c-4c23-835a-4a48241a4153', 'ea02cdbc-1ce4-4e69-b9be-1ba91ec53679', '1208604303', '1115826302', 'true', '6e474fb1-1dbf-4fa6', '0ec0b7c8-b6de-4e36-becf-5aa1e6e2d058', '413485fb-c1a3-47c2-96fc-ef0110f77af2', '9', '304dd1cf-4aab-42b2-a4f3-04c369', '4ee285bc-ca55-4f64-8b7f-a5bcbfb4bbb1', 'f82946b3-3cc7-4dd4-bff8-f8984fc5c1ad', '7', '2'), ('1775709126', 'f4aef588-1e51-4173-942c-f80b1d985f46', 'c2482845-7e2b-45d4-96a9-8efc57c62737', '0c7e6019-93b9-4e0a-bc5d-23e30f4e6799', '1903842614', '1722782340', 'true', 'e8039e32-71b2-467b', '1484bfd0-c78b-40a0-8093-72ccc8cb833c', '67bdb4cb-b135-4150-a6bd-13678e2b309e', '4', 'dff3c5f8-a6fd-4e25-a750-460605', 'abde5c81-47cb-494d-942a-541b171febdd', '82ca0edb-b700-468b-b9c1-b44bc4095edf', '5', '5'), ('1799707414', 'e634f6e4-55d7-4547-9fd5-cd69459674d2', '5f11589a-e76b-44db-8480-1e97d43b45fb', '521f2aab-09d4-4e87-b0b3-8e759e551796', '1981604455', '1025209058', 'true', '82db49c1-11de-4fa2', '579d6088-6c13-4888-9a37-e646df52a3ce', 'e5efcb6e-71c5-4d02-8a0b-97689935bde2', '7', '8fb93422-2976-4cae-9c29-d062d4', '139c2a6a-f635-49e8-9049-1cc42f47e17f', 'ed78c6a1-f297-4ab9-93e6-25c447c8e761', '8', '5'), ('1805153139', 'a9145562-2f6e-4f08-8e8d-40a694922d26', 'dc734f22-fe78-4e56-a351-1aa6a895e5d5', '78dd855a-3001-4cd2-b3eb-7d4a5e7f2f28', '90203719', '783226130', 'true', '9c23a3c3-ad12-4b33', '109f86b3-176c-46ab-b033-8b6257cefd31', '6097985b-b4b6-4272-8a98-722636798d4f', '1', 'e213449b-f9f1-4665-8e26-f3ab8f', 'cdaa1148-f572-4264-87d8-2e6e66b0a568', 'f1bed4a7-83cc-453f-91dc-e7f89b32270d', '1', '5'), ('1810905064', '528e1332-e81e-44cb-9b5f-6b8f476eb5f4', 'b745116c-bef3-4a0b-8e8d-5c5d1d1b9bc3', 'bb304ae5-4235-4405-81f1-435cf901bbea', '315508781', '49634426', 'true', 'a58ba101-e75a-40f1', '581adf91-2cd6-43ca-96a0-08d5add68832', 'd3b8395c-153b-4f65-b1db-e5f2bb14806d', '2', '37a6a7d2-ed26-494e-87b6-0cb3de', '806ba07a-6fdd-4789-a77e-3d7712c48db7', 'f67fd11d-d30f-4fc8-b780-95432d4fd54f', '3', '9'), ('1812626101', '88ce4946-03e2-448d-9822-d3da0f58d4f3', 'fced58ef-25cf-4b89-b17a-1ab4817e891b', '87d2da02-226a-4aaa-b5a8-fc337b69daca', '1716443190', '400395418', 'true', '72442491-2c6d-4319', 'c0caa571-d2e4-4770-bbba-382460ac26a9', '553549b1-5344-40ac-94c3-e24e7d06dd16', '1', '6e545f72-c777-41f8-954e-29eb50', 'ea5a04b1-4941-4873-b63f-b7ee1510c653', '566274c6-d288-4735-982d-2a7b3af5f5b2', '1', '1'), ('1827099105', '506bca54-d46b-4ffb-b125-cf3690fa9513', '934d0b33-9ad9-4f87-8371-fb1ab5de1782', '37c3325a-1984-4695-afee-3692bdd97016', '1454318281', '1193578125', 'true', 'ae6ffb1c-acfc-4046', 'a259f0fa-362d-4285-b834-1989942d020b', '7acd8c52-b546-49cd-84bf-d0b00bae49a0', '1', 'dc08baec-d928-4b3b-8391-5cb82f', 'dad8d7a1-a07a-48fe-a0e3-505da753e245', '2f5af38f-659f-4dd9-a202-cf3f439d3923', '2', '1'), ('1843255941', 'e72937ce-cf0a-41b2-bf52-b0f0e672e79e', '4e5dbbf4-c22f-4cd4-9211-7dc686280d41', '2e6fa938-5a55-49e0-93d5-dcd705d40f00', '326127261', '1398597878', 'true', 'bf5cd31a-229a-4a88', '5de57330-2c7d-4dce-8a6b-76050432396f', '6685a9c5-378c-4967-8fe7-d22fc409cdd2', '2', 'd261b23f-25e0-43b5-8a10-2d270a', 'e69e67ab-053e-47a1-b043-bf99602be9c8', 'b66a67b6-06c0-4b62-bd3b-8df701d2507a', '1', '1'), ('1966799878', '00201b1b-2c3a-48ab-9294-24249c0eb579', '5c0f85fe-9165-4cb8-96b2-3e3e2b45b95a', '035f44c5-2f70-4c95-aab0-500f945a6ee5', '830531126', '54814028', 'true', 'dc9ae545-f226-4864', 'ade028ed-31b0-496d-aa74-5eedf6c75b72', '5950656c-580a-447a-8d96-24f9f583f62e', '2', '3c16e2ec-2460-4f1c-a701-872d96', 'b0c3a9ad-2754-42f2-864f-fcfaf0aafd09', '331980f9-b6a4-431a-8fae-849f93faad61', '1', '1'), ('2007404910', 'ffd12fca-e824-44b4-9240-ba8175a105d5', '091ec263-4966-4dc7-959c-d7af1830ef44', '22be121c-210b-449c-8536-e92e693ea9b9', '1318941871', '1368417947', 'true', '3955dc94-52ef-4224', 'bd90b1bb-0747-4393-ac4b-76158fc6ebfb', '03c276e8-b289-4021-b2e5-96bd5aefed5e', '1', 'd20a8c2f-4993-4102-83d2-99590e', 'a3afc375-2dec-44eb-b0b1-872080dc0db3', '438cf54e-b847-40cb-8e56-be925733164c', '1', '1'), ('2009847375', 'b2302d37-1c18-460a-9815-009284dc599e', 'bb6b832e-d9f0-430f-8339-d5385d3d03ca', '1fc823b8-7906-43ed-9926-d09665e44775', '1216345704', '1049846855', 'true', '2d296bbc-6306-4019', 'cdb1b5fc-cda4-4d42-badc-a80ed57febc4', '57f950a3-f30f-4ea4-8d87-0836bc1398c6', '1', 'f0483bc2-e46d-4371-a6d6-d0c98b', '7da43d6a-a18c-4e43-b750-311e14c82870', 'c0f333ae-8127-4b35-a5f9-7a334b369d4b', '1', '1'), ('2010642831', 'da138dc6-2d82-4bac-941d-06377e8617e1', 'fa7ce184-b7a1-42e9-872f-6cb1a4f80670', 'bcefbff2-7f28-47d6-a556-0f42b7b33775', '92683697', '147745136', 'true', 'dc36232f-97f9-4b2f', '5075801b-6700-45d3-8800-74f9029b7493', 'dc3bd8d4-b90b-4ea1-8fc5-e0fde1418be1', '1', '1f0f17b8-38e9-4db5-8cad-651760', '6c3abb8b-8bd6-48a4-9219-ab9295d7f62f', '9d146d05-d230-4460-bbe1-ee370c92067f', '6', '1'), ('2015365031', '22b8a0f4-369e-49d9-b835-3e633097edde', 'b5eb0846-d2f1-4f4c-8464-aefcd3e53c62', 'e33dca49-1f4a-454b-97f6-f950b8b55b7d', '1431013874', '915481133', 'true', 'c5aa2af1-685f-42a1', 'e355938c-9415-4c66-a584-0ac00ff6290d', '9d3f8899-81e1-4287-971d-873f64ed3b8b', '1', 'a86520ca-2d12-430c-adc5-b8d605', '2e732dca-0a5b-4302-93e5-9033bd0c0adb', '44618454-bd80-45b9-9301-80c723b55e92', '1', '1'), ('2019060137', '7e8880fc-3487-4d68-a071-56d8efd41e7c', '01b48f13-1c4c-4413-87a2-41a47694cb0e', '7feadb81-3afe-4e8f-8692-7615b75a05db', '1784643471', '79041129', 'true', 'c6cb8fc4-1f5d-441a', '1719c39e-1930-41e4-a680-538a586821a1', 'eda839d2-05fd-4928-8ade-eabe3ffbd7ae', '2', '0360d7ff-df98-4a0d-9337-a4346d', 'fa324c54-7ff7-4768-b110-3cde7b786f1c', 'a816750c-9736-43b3-805e-bcec6fdb2f61', '8', '1'), ('2062835785', '02a3b231-275e-4fdf-9c74-4db7adffd060', '2bfbdccf-2e76-4d59-b4d7-62ff3fceb8d7', '914d72ca-8444-4240-825f-442d03287f7f', '2011527980', '1273205370', 'true', '2e1b1a63-64b7-48c7', 'ccf46387-9752-4d07-b85b-43106890bfb4', '659891eb-7464-4b19-945e-2475d1391ff0', '1', 'c801cc4a-882b-4cbd-b158-2d4801', '5956c502-9446-47dc-aa7c-45e728a8775d', 'a10e6008-df6b-40f8-948a-68a575c48976', '4', '4'), ('2109916301', 'f641cb97-5549-42a4-aa41-e84bf3ed0d03', '0b3ba38e-bb95-4dd7-8596-265bb8d7000d', '7209b269-db50-44a9-9fb2-1e7793a942f3', '1838858166', '825322337', 'true', 'b0d3a4fa-5d33-4383', '9dcf3c17-5139-421a-9c01-b34725d6da3a', 'b1884a7f-25eb-44cf-88d2-5bd1a843aa93', '3', '42b43f02-88a6-4d33-85ce-bf1881', '9b185f0f-8907-4396-b207-e4b559a92b85', 'b101bd02-edf3-4d6c-be31-205be7860f98', '1', '7'), ('2110648603', 'd5f7e353-b0d0-4b74-90a0-d2e5ffeb62a8', '9f67611a-16e8-496c-a64f-dc8be5ed3f90', '4290a98c-bd2a-4bb8-bae6-947d34e53e4a', '39403216', '134021553', 'true', '07092a07-110f-48f1', 'b70b4b98-876a-41af-933c-1e19335c2369', '80837276-45cc-4168-ba27-09542964f222', '5', '4495b99a-fa0d-4d1a-9e9b-607e48', '468be43a-b8b2-4e21-82a0-2cb96c0c87c0', '39fc9bb6-8c33-4acb-af03-9d3c0e8aad99', '5', '1'), ('2122960821', 'faa8fcc8-d3f5-4969-b897-e058fbf046ba', '7a84bec6-65e9-4a87-b8da-ccb0ef82c4b0', 'cb0aba31-d0cc-4b96-aef8-99c1e2168a2d', '955692180', '1921398294', 'true', 'c2aaba48-4e88-4ff4', '37cceb41-f115-4a61-8d58-963823209583', '75e5b688-f379-444c-ae6e-9914d9c2effb', '8', 'e2a3ce3a-0ef5-49d2-953b-1553fc', '27dae566-9243-4379-8e64-0e23b44cf77f', '73f86c83-61c0-4264-b41d-812ce7fcdec2', '2', '8'), ('2126080561', 'a51e503f-ee64-401d-b890-80e763c2f319', '736fe70c-b8ee-443c-80db-dc1241c58b5e', '4feb560a-d34e-461c-ba45-4ec662981620', '1402753977', '1200710642', 'true', 'aaf79c89-e1c0-4994', 'd828b8f2-7f97-4a2f-92ce-58ff432513c9', '8e730102-40bd-48e1-91c1-7a071ab50341', '7', '0e03275c-1366-45dd-9b4a-1885c2', '9be9524a-7c9f-4cac-be6a-00318a013d98', 'b8c7a011-7dad-4e62-b23d-87d39cfe9cd7', '1', '1'), ('2129523036', 'dae0c69e-00e8-4b66-a9be-446477adaa41', '7c3453bb-5626-4231-942d-66ebe52c10e4', '662f2cad-586e-410c-89da-9038e9639c0f', '588993351', '694884858', 'true', 'ba6712b5-e287-44a2', 'd5293d68-7063-4d1f-97ca-907a876f4f7c', '54a33635-b933-40e6-b68d-66c98e850447', '2', '62fb956b-2820-4744-9be3-97adc7', 'faee1b6c-6b77-470a-8c24-441610a6832b', '1401b841-dccc-4abd-8865-da3f3d1c343a', '8', '1');


-- users_posts_like
CREATE TABLE users_posts_like (
    `rel_users_posts_like_id` INT UNSIGNED (10) NOT NULL,
    `users_id` INT UNSIGNED (10) NOT NULL,
    `posts_id` INT UNSIGNED (10) NOT NULL,
    `rel_users_posts_like_time` INT UNSIGNED (10) NOT NULL,
    PRIMARY KEY PRIMARY (rel_users_posts_like_id)
);


-- Data for users_posts_like
INSERT INTO users_posts_like VALUES('7376840', '996232584', '196746609', '1034475102'), ('8482476', '1367418722', '46453040', '516081403'), ('100605658', '1843255941', '400570879', '1794786604'), ('101521128', '1805153139', '174505739', '1660673964'), ('103508468', '904746834', '887839071', '255460721'), ('103941606', '1211252807', '157796134', '1103205337'), ('107153352', '945106456', '137768520', '1942240035'), ('107681873', '279192865', '152874413', '44381104'), ('109530738', '2009847375', '193967833', '436907242'), ('111195380', '169978544', '916847199', '716287695'), ('112136126', '1188053003', '161385335', '564096703'), ('112600398', '260635807', '144608713', '555721306'), ('123458672', '472920442', '927101143', '1451933693'), ('124223365', '708609009', '188273508', '286293560'), ('126503702', '936035955', '165927245', '787694894'), ('127571915', '1308467512', '596870568', '1599261525'), ('129458721', '1725056633', '133427563', '571167390'), ('129689820', '1197923654', '118131409', '191978196'), ('129852147', '834651224', '783189904', '597747894'), ('132354826', '542410216', '139842298', '157504318'), ('139657941', '1662105372', '970136867', '1523500932'), ('144204133', '933749692', '130276435', '1022439990'), ('144880695', '423559004', '155057018', '740435944'), ('146728277', '2007404910', '161293628', '1579586425'), ('149538752', '516880669', '766808418', '1921946530'), ('150761423', '2126080561', '105468784', '581837879'), ('151545402', '319336671', '154403345', '736225933'), ('153210191', '1652413650', '126600267', '1834756820'), ('154982098', '468879501', '125681117', '1232363238'), ('156371954', '1775709126', '550629796', '591693307'), ('163911427', '2019060137', '856770632', '370689843'), ('164304707', '1464548646', '121669456', '868578153'), ('165188874', '1004118168', '751757585', '411265449'), ('165904010', '43823926', '967033378', '1374359383'), ('170827497', '871427221', '186869455', '1486911765'), ('172728902', '2062835785', '159104391', '1494217600'), ('173835946', '1799707414', '136273578', '1275577154'), ('175380600', '1247761622', '151912307', '133150839'), ('176447816', '1696722139', '129765266', '2133424664'), ('176913175', '69353064', '185069553', '1627997660'), ('177426452', '1271038880', '208253731', '1955864319'), ('182032469', '1104758145', '405334254', '1684712209'), ('182606700', '1058381309', '156710936', '1919103820'), ('183526882', '429213654', '25505133', '566119313'), ('183747804', '2010642831', '108740491', '2011873161'), ('189022645', '317889676', '201967882', '1922348552'), ('189411729', '1497062169', '335588897', '2133096912'), ('192872418', '439455394', '663383825', '809492637'), ('194983545', '755988044', '555586362', '136174740'), ('195088019', '2122960821', '145359408', '1751498556'), ('195137762', '1046526009', '653075133', '270881983'), ('195793962', '1827099105', '152108966', '135991164'), ('196263813', '1966799878', '363657309', '828933540'), ('196593459', '238745665', '428195574', '669333200'), ('197119001', '2110648603', '176893623', '49337379'), ('197287123', '2129523036', '147478883', '1329796214'), ('197701310', '1556211471', '865516823', '183844869'), ('197903780', '1114880187', '117597540', '1157429838'), ('200436561', '409573686', '157251300', '224964876'), ('202187516', '187943314', '524656504', '284923827'), ('202404579', '1088465193', '50642517', '1336392298'), ('204254014', '453527241', '200028217', '89929126'), ('208472228', '2109916301', '169042329', '27476325'), ('210169528', '1322288035', '584350368', '1603439966'), ('210386710', '1052573713', '666365814', '1949692988'), ('211710690', '1654645016', '816928752', '1512313789'), ('227824240', '304435722', '189597488', '2137291204'), ('238018033', '814920526', '120179469', '996050042'), ('265099629', '1197564146', '116438012', '1979830527'), ('270513084', '1450897302', '160521424', '645269745'), ('272531736', '602769449', '6066346', '779125203'), ('282804299', '1454672746', '313201882', '2018886911'), ('289205271', '870013168', '488989485', '1712066582'), ('349364536', '272196898', '174942191', '2125179601'), ('355183609', '371959941', '108112544', '468190340'), ('372365211', '378216679', '995435005', '1202672812'), ('433878295', '807342971', '174015519', '283719140'), ('451439787', '149481573', '136114925', '826032356'), ('475400732', '1183370627', '143266402', '2017767504'), ('498863305', '2015365031', '156554857', '868964123'), ('500068543', '1024460395', '211633040', '2076177657'), ('504792661', '1363989190', '680373802', '1907324046'), ('517860442', '1812626101', '552467650', '107380255'), ('634162577', '170211534', '751734119', '747764754'), ('691246053', '1366768502', '594270141', '123667160'), ('722314738', '1080302472', '141514068', '1734300435'), ('728169515', '319033828', '712311282', '616882549'), ('747846864', '1810905064', '203985193', '2096210466'), ('756340950', '808182757', '439247930', '605399133'), ('773575393', '899999095', '179929762', '1980127566'), ('795246487', '1730436054', '167718853', '946686009'), ('818248689', '1305236165', '111423867', '1208113465'), ('822887274', '1671023864', '122304613', '930039112'), ('832923100', '1348854079', '374865713', '321257987'), ('841880543', '1042684007', '409133598', '1015152063'), ('890507466', '1119457885', '994295735', '840944684'), ('920623302', '318938307', '641719742', '1270959108'), ('942950117', '1611914462', '138027717', '1332553758'), ('978727879', '342166171', '696203158', '1653903007'), ('984065525', '1065965392', '179296666', '64811717');
